date,symbol,price
2021-01-04,GOOGL,86.3065
2021-01-05,GOOGL,87.0025
2021-01-06,GOOGL,86.144
2021-01-07,GOOGL,88.717
2021-01-08,GOOGL,89.8915
2021-01-11,GOOGL,87.8145
2021-01-12,GOOGL,86.8715
2021-01-13,GOOGL,87.3625
2021-01-14,GOOGL,86.546
2021-01-15,GOOGL,86.381
2021-01-19,GOOGL,89.2235
2021-01-20,GOOGL,94.0035
2021-01-21,GOOGL,94.2075
2021-01-22,GOOGL,94.628
2021-01-25,GOOGL,94.714
2021-01-26,GOOGL,95.3975
2021-01-27,GOOGL,90.947
2021-01-28,GOOGL,92.66
2021-01-29,GOOGL,91.368
2021-02-01,GOOGL,94.6535
2021-02-02,GOOGL,95.956
2021-02-03,GOOGL,102.944
2021-02-04,GOOGL,102.6815
2021-02-05,GOOGL,104.4415
2021-02-08,GOOGL,104.226
2021-02-09,GOOGL,103.7695
2021-02-10,GOOGL,104.324
2021-02-11,GOOGL,104.4375
2021-02-12,GOOGL,104.7515
2021-02-16,GOOGL,105.535
2021-02-17,GOOGL,105.931
2021-02-18,GOOGL,105.2905
2021-02-19,GOOGL,104.4405
2021-02-22,GOOGL,102.713
2021-02-23,GOOGL,103.006
2021-02-24,GOOGL,104.1905
2021-02-25,GOOGL,100.7975
2021-02-26,GOOGL,101.0955
2021-03-01,GOOGL,103.483
2021-03-02,GOOGL,103.224
2021-03-03,GOOGL,100.5705
2021-03-04,GOOGL,101.6965
2021-03-05,GOOGL,104.8535
2021-03-08,GOOGL,100.375
2021-03-09,GOOGL,102.018
2021-03-10,GOOGL,101.8095
2021-03-11,GOOGL,105.027
2021-03-12,GOOGL,102.50
2021-03-15,GOOGL,102.722
2021-03-16,GOOGL,104.1945
2021-03-17,GOOGL,104.111
2021-03-18,GOOGL,101.067
2021-03-19,GOOGL,101.348
2021-03-22,GOOGL,101.5345
2021-03-23,GOOGL,102.0665
2021-03-24,GOOGL,101.6265
2021-03-25,GOOGL,101.623
2021-03-26,GOOGL,101.2365
2021-03-29,GOOGL,102.2895
2021-03-30,GOOGL,102.3235
2021-03-31,GOOGL,103.126
2021-04-01,GOOGL,106.489
2021-04-05,GOOGL,110.948
2021-04-06,GOOGL,110.463
2021-04-07,GOOGL,111.9515
2021-04-08,GOOGL,112.5215
2021-04-09,GOOGL,113.5335
2021-04-12,GOOGL,112.231
2021-04-13,GOOGL,112.7215
2021-04-14,GOOGL,112.0955
2021-04-15,GOOGL,114.2625
2021-04-16,GOOGL,114.1375
2021-04-19,GOOGL,114.488
2021-04-20,GOOGL,113.9505
2021-04-21,GOOGL,113.9175
2021-04-22,GOOGL,112.626
2021-04-23,GOOGL,114.9965
2021-04-26,GOOGL,115.4965
2021-04-27,GOOGL,114.549
2021-04-28,GOOGL,117.952
2021-04-29,GOOGL,119.638
2021-04-30,GOOGL,117.675
2021-05-03,GOOGL,117.154
2021-05-04,GOOGL,115.3415
2021-05-05,GOOGL,115.7385
2021-05-06,GOOGL,116.8675
2021-05-07,GOOGL,117.5965
2021-05-10,GOOGL,114.5875
2021-05-11,GOOGL,113.503
2021-05-12,GOOGL,110.0125
2021-05-13,GOOGL,111.452
2021-05-14,GOOGL,113.919
2021-05-17,GOOGL,114.446
2021-05-18,GOOGL,113.1235
2021-05-19,GOOGL,113.575
2021-05-20,GOOGL,115.3475
2021-05-21,GOOGL,114.7065
2021-05-24,GOOGL,118.052
2021-05-25,GOOGL,118.1435
2021-05-26,GOOGL,119.0155
2021-05-27,GOOGL,118.134
2021-05-28,GOOGL,117.8425
2021-06-01,GOOGL,119.059
2021-06-02,GOOGL,118.5295
2021-06-03,GOOGL,117.379
2021-06-04,GOOGL,119.6785
2021-06-07,GOOGL,120.115
2021-06-08,GOOGL,119.922
2021-06-09,GOOGL,120.397
2021-06-10,GOOGL,121.7565
2021-06-11,GOOGL,121.51
2021-06-14,GOOGL,122.4455
2021-06-15,GOOGL,121.4195
2021-06-16,GOOGL,120.7725
2021-06-17,GOOGL,121.7435
2021-06-18,GOOGL,120.111
2021-06-21,GOOGL,121.8125
2021-06-22,GOOGL,122.3305
2021-06-23,GOOGL,122.127
2021-06-24,GOOGL,122.50
2021-06-25,GOOGL,122.5085
2021-06-28,GOOGL,122.536
2021-06-29,GOOGL,122.2725
2021-06-30,GOOGL,122.0895
2021-07-01,GOOGL,122.4445
2021-07-02,GOOGL,125.2575
2021-07-06,GOOGL,126.19
2021-07-07,GOOGL,126.474
2021-07-08,GOOGL,125.044
2021-07-09,GOOGL,125.5185
2021-07-12,GOOGL,126.9755
2021-07-13,GOOGL,127.3415
2021-07-14,GOOGL,128.237
2021-07-15,GOOGL,127.005
2021-07-16,GOOGL,126.97
2021-07-19,GOOGL,124.578
2021-07-20,GOOGL,126.2095
2021-07-21,GOOGL,127.549
2021-07-22,GOOGL,128.4215
2021-07-23,GOOGL,133.015
2021-07-26,GOOGL,134.035
2021-07-27,GOOGL,131.90
2021-07-28,GOOGL,136.094
2021-07-29,GOOGL,135.7775
2021-07-30,GOOGL,134.7265
2021-08-02,GOOGL,134.8545
2021-08-03,GOOGL,135.63
2021-08-04,GOOGL,135.1255
2021-08-05,GOOGL,136.2515
2021-08-06,GOOGL,135.7385
2021-08-09,GOOGL,136.913
2021-08-10,GOOGL,136.807
2021-08-11,GOOGL,136.279
2021-08-12,GOOGL,137.194
2021-08-13,GOOGL,137.7275
2021-08-16,GOOGL,138.3095
2021-08-17,GOOGL,136.6615
2021-08-18,GOOGL,135.449
2021-08-19,GOOGL,135.68
2021-08-20,GOOGL,137.4295
2021-08-23,GOOGL,140.0415
2021-08-24,GOOGL,141.2615
2021-08-25,GOOGL,142.079
2021-08-26,GOOGL,141.4405
2021-08-27,GOOGL,144.004
2021-08-30,GOOGL,144.5905
2021-08-31,GOOGL,144.6975
2021-09-01,GOOGL,145.2155
2021-09-02,GOOGL,143.287
2021-09-03,GOOGL,143.7395
2021-09-07,GOOGL,144.2805
2021-09-08,GOOGL,143.691
2021-09-09,GOOGL,143.541
2021-09-10,GOOGL,140.876
2021-09-13,GOOGL,142.3325
2021-09-14,GOOGL,142.5445
2021-09-15,GOOGL,144.4295
2021-09-16,GOOGL,143.61
2021-09-17,GOOGL,140.80
2021-09-20,GOOGL,138.7195
2021-09-21,GOOGL,139.033
2021-09-22,GOOGL,140.2835
2021-09-23,GOOGL,141.216
2021-09-24,GOOGL,142.215
2021-09-27,GOOGL,141.072
2021-09-28,GOOGL,135.83
2021-09-29,GOOGL,134.3535
2021-09-30,GOOGL,133.676
2021-10-01,GOOGL,136.543
2021-10-04,GOOGL,133.6595
2021-10-05,GOOGL,136.023
2021-10-06,GOOGL,137.565
2021-10-07,GOOGL,139.225
2021-10-08,GOOGL,139.7855
2021-10-11,GOOGL,138.914
2021-10-12,GOOGL,136.449
2021-10-13,GOOGL,137.582
2021-10-14,GOOGL,141.151
2021-10-15,GOOGL,141.368
2021-10-18,GOOGL,142.778
2021-10-19,GOOGL,143.237
2021-10-20,GOOGL,141.769
2021-10-21,GOOGL,141.886
2021-10-22,GOOGL,137.5665
2021-10-25,GOOGL,137.447
2021-10-26,GOOGL,139.3085
2021-10-27,GOOGL,146.2175
2021-10-28,GOOGL,145.849
2021-10-29,GOOGL,148.046
2021-11-01,GOOGL,143.497
2021-11-02,GOOGL,145.4325
2021-11-03,GOOGL,146.598
2021-11-04,GOOGL,148.2675
2021-11-05,GOOGL,148.852
2021-11-08,GOOGL,149.031
2021-11-09,GOOGL,148.9185
2021-11-10,GOOGL,145.8935
2021-11-11,GOOGL,145.7665
2021-11-12,GOOGL,148.678
2021-11-15,GOOGL,148.452
2021-11-16,GOOGL,147.876
2021-11-17,GOOGL,148.047
2021-11-18,GOOGL,149.8385
2021-11-19,GOOGL,148.9265
2021-11-22,GOOGL,146.302
2021-11-23,GOOGL,145.782
2021-11-24,GOOGL,146.12
2021-11-26,GOOGL,142.183
2021-11-29,GOOGL,145.5305
2021-11-30,GOOGL,141.8975
2021-12-01,GOOGL,141.0515
2021-12-02,GOOGL,142.966
2021-12-03,GOOGL,142.0015
2021-12-06,GOOGL,143.155
2021-12-07,GOOGL,147.2695
2021-12-08,GOOGL,148.1865
2021-12-09,GOOGL,147.6385
2021-12-10,GOOGL,148.0015
2021-12-13,GOOGL,145.8265
2021-12-14,GOOGL,143.907
2021-12-15,GOOGL,146.441
2021-12-16,GOOGL,144.445
2021-12-17,GOOGL,141.725
2021-12-20,GOOGL,141.607
2021-12-21,GOOGL,143.4725
2021-12-22,GOOGL,146.415
2021-12-23,GOOGL,146.9165
2021-12-27,GOOGL,147.9065
2021-12-28,GOOGL,146.687
2021-12-29,GOOGL,146.655
2021-12-30,GOOGL,146.2005
2021-12-31,GOOGL,144.852
2022-01-03,GOOGL,144.9915
2022-01-04,GOOGL,144.3995
2022-01-05,GOOGL,137.775
2022-01-06,GOOGL,137.7475
2022-01-07,GOOGL,137.017
2022-01-10,GOOGL,138.6695
2022-01-11,GOOGL,139.736
2022-01-12,GOOGL,141.4305
2022-01-13,GOOGL,138.587
2022-01-14,GOOGL,139.4805
2022-01-18,GOOGL,135.998
2022-01-19,GOOGL,135.1165
2022-01-20,GOOGL,133.3075
2022-01-21,GOOGL,130.3515
2022-01-24,GOOGL,130.804
2022-01-25,GOOGL,126.935
2022-01-26,GOOGL,129.233
2022-01-27,GOOGL,129.005
2022-01-28,GOOGL,133.351
2022-01-31,GOOGL,135.3035
2022-02-01,GOOGL,137.644
2022-02-02,GOOGL,148.00
2022-02-03,GOOGL,143.09
2022-02-04,GOOGL,143.293
2022-02-07,GOOGL,139.201
2022-02-08,GOOGL,139.399
2022-02-09,GOOGL,141.592
2022-02-10,GOOGL,138.62
2022-02-11,GOOGL,134.2825
2022-02-14,GOOGL,135.526
2022-02-15,GOOGL,136.6085
2022-02-16,GOOGL,137.738
2022-02-17,GOOGL,132.539
2022-02-18,GOOGL,130.403
2022-02-22,GOOGL,129.8135
2022-02-23,GOOGL,127.588
2022-02-24,GOOGL,132.691
2022-02-25,GOOGL,134.4595
2022-02-28,GOOGL,135.057
2022-03-01,GOOGL,134.0615
2022-03-02,GOOGL,134.5715
2022-03-03,GOOGL,133.8995
2022-03-04,GOOGL,131.9065
2022-03-07,GOOGL,126.3785
2022-03-08,GOOGL,127.1045
2022-03-09,GOOGL,133.42
2022-03-10,GOOGL,132.4295
2022-03-11,GOOGL,129.8705
2022-03-14,GOOGL,125.951
2022-03-15,GOOGL,129.198
2022-03-16,GOOGL,133.2805
2022-03-17,GOOGL,133.839
2022-03-18,GOOGL,136.1255
2022-03-21,GOOGL,136.1015
2022-03-22,GOOGL,139.868
2022-03-23,GOOGL,138.2755
2022-03-24,GOOGL,141.572
2022-03-25,GOOGL,141.673
2022-03-28,GOOGL,141.4555
2022-03-29,GOOGL,142.5055
2022-03-30,GOOGL,141.9385
2022-03-31,GOOGL,139.0675
2022-04-01,GOOGL,140.1505
2022-04-04,GOOGL,142.9715
2022-04-05,GOOGL,140.591
2022-04-06,GOOGL,136.548
2022-04-07,GOOGL,135.8885
2022-04-08,GOOGL,133.2875
2022-04-11,GOOGL,128.8235
2022-04-12,GOOGL,127.7145
2022-04-13,GOOGL,129.894
2022-04-14,GOOGL,126.73
2022-04-18,GOOGL,127.6765
2022-04-19,GOOGL,130.009
2022-04-20,GOOGL,128.04
2022-04-21,GOOGL,124.8145
2022-04-22,GOOGL,119.6355
2022-04-25,GOOGL,123.074
2022-04-26,GOOGL,118.65
2022-04-27,GOOGL,114.2945
2022-04-28,GOOGL,118.5225
2022-04-29,GOOGL,114.1095
2022-05-02,GOOGL,116.583
2022-05-03,GOOGL,117.334
2022-05-04,GOOGL,122.261
2022-05-05,GOOGL,116.5055
2022-05-06,GOOGL,115.7465
2022-05-09,GOOGL,112.511
2022-05-10,GOOGL,114.395
2022-05-11,GOOGL,113.6025
2022-05-12,GOOGL,112.844
2022-05-13,GOOGL,116.0505
2022-05-16,GOOGL,114.445
2022-05-17,GOOGL,116.473
2022-05-18,GOOGL,111.8995
2022-05-19,GOOGL,110.384
2022-05-20,GOOGL,108.908
2022-05-23,GOOGL,111.488
2022-05-24,GOOGL,105.97
2022-05-25,GOOGL,105.805
2022-05-26,GOOGL,107.7925
2022-05-27,GOOGL,112.3165
2022-05-31,GOOGL,113.762
2022-06-01,GOOGL,113.892
2022-06-02,GOOGL,117.6225
2022-06-03,GOOGL,114.541
2022-06-06,GOOGL,116.8205
2022-06-07,GOOGL,117.1495
2022-06-08,GOOGL,117.194
2022-06-09,GOOGL,114.8355
2022-06-10,GOOGL,111.1615
2022-06-13,GOOGL,106.3925
2022-06-14,GOOGL,106.7155
2022-06-15,GOOGL,109.7645
2022-06-16,GOOGL,106.0335
2022-06-17,GOOGL,107.1435
2022-06-21,GOOGL,111.544
2022-06-22,GOOGL,111.4875
2022-06-23,GOOGL,112.242
2022-06-24,GOOGL,117.975
2022-06-27,GOOGL,115.8335
2022-06-28,GOOGL,112.0075
2022-06-29,GOOGL,111.7015
2022-06-30,GOOGL,108.963
2022-07-01,GOOGL,108.7375
2022-07-05,GOOGL,113.263
2022-07-06,GOOGL,114.572
2022-07-07,GOOGL,118.783
2022-07-08,GOOGL,119.3535
2022-07-11,GOOGL,115.6765
2022-07-12,GOOGL,114.0205
2022-07-13,GOOGL,111.3535
2022-07-14,GOOGL,110.3675
2022-07-15,GOOGL,111.7775
2022-07-18,GOOGL,109.03
2022-07-19,GOOGL,113.81
2022-07-20,GOOGL,113.90
2022-07-21,GOOGL,114.34
2022-07-22,GOOGL,107.90
2022-07-25,GOOGL,107.51
2022-07-26,GOOGL,105.02
2022-07-27,GOOGL,113.06
2022-07-28,GOOGL,114.22
2022-07-29,GOOGL,116.32
2022-08-01,GOOGL,114.86
2022-08-02,GOOGL,115.13
2022-08-03,GOOGL,118.08
2022-08-04,GOOGL,118.19
2022-08-05,GOOGL,117.47
2022-08-08,GOOGL,117.30
2022-08-09,GOOGL,116.63
2022-08-10,GOOGL,119.70
2022-08-11,GOOGL,118.84
2022-08-12,GOOGL,121.68
2022-08-15,GOOGL,122.08
2022-08-16,GOOGL,121.70
2022-08-17,GOOGL,119.55
2022-08-18,GOOGL,120.17
2022-08-19,GOOGL,117.21
2022-08-22,GOOGL,114.24
2022-08-23,GOOGL,113.86
2022-08-24,GOOGL,113.69
2022-08-25,GOOGL,116.65
2022-08-26,GOOGL,110.34
2022-08-29,GOOGL,109.42
2022-08-30,GOOGL,108.94
2022-08-31,GOOGL,108.22
2022-09-01,GOOGL,109.74
2022-09-02,GOOGL,107.85
2022-09-06,GOOGL,106.81
2022-09-07,GOOGL,109.45
2022-09-08,GOOGL,108.38
2022-09-09,GOOGL,110.65
2022-09-12,GOOGL,110.86
2022-09-13,GOOGL,104.32
2022-09-14,GOOGL,105.00
2022-09-15,GOOGL,102.91
2022-09-16,GOOGL,102.80
2022-09-19,GOOGL,103.07
2022-09-20,GOOGL,101.14
2022-09-21,GOOGL,99.28
2022-09-22,GOOGL,100.14
2022-09-23,GOOGL,98.74
2022-09-26,GOOGL,98.17
2022-09-27,GOOGL,97.50
2022-09-28,GOOGL,100.05
2022-09-29,GOOGL,97.42
2022-09-30,GOOGL,95.65
2022-10-03,GOOGL,98.64
2022-10-04,GOOGL,101.64
2022-10-05,GOOGL,101.43
2022-10-06,GOOGL,101.42
2022-10-07,GOOGL,98.68
2022-10-10,GOOGL,97.86
2022-10-11,GOOGL,97.18
2022-10-12,GOOGL,97.56
2022-10-13,GOOGL,99.06
2022-10-14,GOOGL,96.56
2022-10-17,GOOGL,99.97
2022-10-18,GOOGL,100.77
2022-10-19,GOOGL,99.63
2022-10-20,GOOGL,99.97
2022-10-21,GOOGL,101.13
2022-10-24,GOOGL,102.52
2022-10-25,GOOGL,104.48
2022-10-26,GOOGL,94.93
2022-10-27,GOOGL,92.22
2022-10-28,GOOGL,96.29
2022-10-31,GOOGL,94.51
2022-11-01,GOOGL,90.47
2022-11-02,GOOGL,86.97
2022-11-03,GOOGL,83.43
2022-11-04,GOOGL,86.58
2022-11-07,GOOGL,88.49
2022-11-08,GOOGL,88.90
2022-11-09,GOOGL,87.32
2022-11-10,GOOGL,93.94
2022-11-11,GOOGL,96.41
2022-11-14,GOOGL,95.70
2022-11-15,GOOGL,98.44
2022-11-16,GOOGL,98.85
2022-11-17,GOOGL,98.36
2022-11-18,GOOGL,97.43
2022-11-21,GOOGL,95.60
2022-11-22,GOOGL,97.05
2022-11-23,GOOGL,98.46
2022-11-25,GOOGL,97.46
2022-11-28,GOOGL,96.05
2022-11-29,GOOGL,95.19
2022-11-30,GOOGL,100.99
2022-12-01,GOOGL,100.99
2022-12-02,GOOGL,100.44
2022-12-05,GOOGL,99.48
2022-12-06,GOOGL,96.98
2022-12-07,GOOGL,94.94
2022-12-08,GOOGL,93.71
2022-12-09,GOOGL,92.83
2022-12-12,GOOGL,93.31
2022-12-13,GOOGL,95.63
2022-12-14,GOOGL,95.07
2022-12-15,GOOGL,90.86
2022-12-16,GOOGL,90.26
2022-12-19,GOOGL,88.44
2022-12-20,GOOGL,89.02
2022-12-21,GOOGL,89.58
2022-12-22,GOOGL,87.76
2022-12-23,GOOGL,89.23
2022-12-27,GOOGL,87.39
2022-12-28,GOOGL,86.02
2022-12-29,GOOGL,88.45
2022-12-30,GOOGL,88.23
2023-01-03,GOOGL,89.12
2023-01-04,GOOGL,88.08
2023-01-05,GOOGL,86.20
2023-01-06,GOOGL,87.34
2023-01-09,GOOGL,88.02
2023-01-10,GOOGL,88.42
2023-01-11,GOOGL,91.52
2023-01-12,GOOGL,91.13
2023-01-13,GOOGL,92.12
2023-01-17,GOOGL,91.29
2023-01-18,GOOGL,91.12
2023-01-19,GOOGL,93.05
2023-01-20,GOOGL,98.02
2023-01-23,GOOGL,99.79
2023-01-24,GOOGL,97.70
2023-01-25,GOOGL,95.22
2023-01-26,GOOGL,97.52
2023-01-27,GOOGL,99.37
2023-01-30,GOOGL,96.94
2023-01-31,GOOGL,98.84
2023-02-01,GOOGL,100.43
2023-02-02,GOOGL,107.74
2023-02-03,GOOGL,104.78
2023-02-06,GOOGL,102.90
2023-02-07,GOOGL,107.64
2023-02-08,GOOGL,99.37
2023-02-09,GOOGL,95.01
2023-02-10,GOOGL,94.57
2023-02-13,GOOGL,94.61
2023-02-14,GOOGL,94.68
2023-02-15,GOOGL,96.94
2023-02-16,GOOGL,95.51
2023-02-17,GOOGL,94.35
2023-02-21,GOOGL,91.79
2023-02-22,GOOGL,91.65
2023-02-23,GOOGL,90.89
2023-02-24,GOOGL,89.13
2023-02-27,GOOGL,89.87
2023-02-28,GOOGL,90.06
2023-03-01,GOOGL,90.36
2023-03-02,GOOGL,92.00
2023-03-03,GOOGL,93.65
2023-03-06,GOOGL,95.13
2023-03-07,GOOGL,93.86
2023-03-08,GOOGL,94.25
2023-03-09,GOOGL,92.32
2023-03-10,GOOGL,90.63
2023-03-13,GOOGL,91.11
2023-03-14,GOOGL,93.97
2023-03-15,GOOGL,96.11
2023-03-16,GOOGL,100.32
2023-03-17,GOOGL,101.62
2023-03-20,GOOGL,101.22
2023-03-21,GOOGL,104.92
2023-03-22,GOOGL,103.37
2023-03-23,GOOGL,105.60
2023-03-24,GOOGL,105.44
2023-03-27,GOOGL,102.46
2023-03-28,GOOGL,101.03
2023-03-29,GOOGL,101.39
2023-03-30,GOOGL,100.89
2023-03-31,GOOGL,103.73
2023-04-03,GOOGL,104.36
2023-04-04,GOOGL,104.72
2023-04-05,GOOGL,104.47
2023-04-06,GOOGL,108.42
2023-04-10,GOOGL,106.44
2023-04-11,GOOGL,105.35
2023-04-12,GOOGL,104.64
2023-04-13,GOOGL,107.43
2023-04-14,GOOGL,108.87
2023-04-17,GOOGL,105.97
2023-04-18,GOOGL,104.50
2023-04-19,GOOGL,104.18
2023-04-20,GOOGL,105.29
2023-04-21,GOOGL,105.41
2023-04-24,GOOGL,105.97
2023-04-25,GOOGL,103.85
2023-04-26,GOOGL,103.71
2023-04-27,GOOGL,107.59
2023-04-28,GOOGL,107.34
2023-05-01,GOOGL,107.20
2023-05-02,GOOGL,105.32
2023-05-03,GOOGL,105.41
2023-05-04,GOOGL,104.69
2023-05-05,GOOGL,105.57
2023-05-08,GOOGL,107.77
2023-05-09,GOOGL,107.35
2023-05-10,GOOGL,111.75
2023-05-11,GOOGL,116.57
2023-05-12,GOOGL,117.51
2023-05-15,GOOGL,116.51
2023-05-16,GOOGL,119.51
2023-05-17,GOOGL,120.84
2023-05-18,GOOGL,122.83
2023-05-19,GOOGL,122.76
2023-05-22,GOOGL,125.05
2023-05-23,GOOGL,122.56
2023-05-24,GOOGL,120.90
2023-05-25,GOOGL,123.48
2023-05-26,GOOGL,124.61
2023-05-30,GOOGL,123.67
2023-05-31,GOOGL,122.87
2023-06-01,GOOGL,123.72
2023-06-02,GOOGL,124.67
2023-06-05,GOOGL,126.01
2023-06-06,GOOGL,127.31
2023-06-07,GOOGL,122.50
2023-06-08,GOOGL,122.14
2023-06-09,GOOGL,122.23
2023-06-12,GOOGL,123.64
2023-06-13,GOOGL,123.83
2023-06-14,GOOGL,123.67
2023-06-15,GOOGL,125.09
2023-06-16,GOOGL,123.53
2023-06-20,GOOGL,123.10
2023-06-21,GOOGL,120.55
2023-06-22,GOOGL,123.15
2023-06-23,GOOGL,122.34
2023-06-26,GOOGL,118.34
2023-06-27,GOOGL,118.33
2023-06-28,GOOGL,120.18
2023-06-29,GOOGL,119.10
2023-06-30,GOOGL,119.70
2023-07-03,GOOGL,119.90
2023-07-05,GOOGL,121.75
2023-07-06,GOOGL,120.11
2023-07-07,GOOGL,119.48
2023-07-10,GOOGL,116.45
2023-07-11,GOOGL,117.14
2023-07-12,GOOGL,118.93
2023-07-13,GOOGL,124.54
2023-07-14,GOOGL,125.42
2023-07-17,GOOGL,124.65
2023-07-18,GOOGL,123.76
2023-07-19,GOOGL,122.03
2023-07-20,GOOGL,119.20
2023-07-21,GOOGL,120.02
2023-07-24,GOOGL,121.53
2023-07-25,GOOGL,122.21
2023-07-26,GOOGL,129.27
2023-07-27,GOOGL,129.40
2023-07-28,GOOGL,132.58
2023-07-31,GOOGL,132.72
2023-08-01,GOOGL,131.55
2023-08-02,GOOGL,128.38
2023-08-03,GOOGL,128.45
2023-08-04,GOOGL,128.11
2023-08-07,GOOGL,131.53
2023-08-08,GOOGL,131.40
2023-08-09,GOOGL,129.66
2023-08-10,GOOGL,129.69
2023-08-11,GOOGL,129.56
2023-08-14,GOOGL,131.33
2023-08-15,GOOGL,129.78
2023-08-16,GOOGL,128.70
2023-08-17,GOOGL,129.92
2023-08-18,GOOGL,127.46
2023-08-21,GOOGL,128.37
2023-08-22,GOOGL,129.08
2023-08-23,GOOGL,132.37
2023-08-24,GOOGL,129.78
2023-08-25,GOOGL,129.88
2023-08-28,GOOGL,131.01
2023-08-29,GOOGL,134.57
2023-08-30,GOOGL,135.88
2023-08-31,GOOGL,136.17
2023-09-01,GOOGL,135.66
2023-09-05,GOOGL,135.77
2023-09-06,GOOGL,134.46
2023-09-07,GOOGL,135.26
2023-09-08,GOOGL,136.38
2023-09-11,GOOGL,136.92
2023-09-12,GOOGL,135.34
2023-09-13,GOOGL,136.71
2023-09-14,GOOGL,138.10
2023-09-15,GOOGL,137.40
2023-09-18,GOOGL,138.21
2023-09-19,GOOGL,138.04
2023-09-20,GOOGL,133.74
2023-09-21,GOOGL,130.44
2023-09-22,GOOGL,130.25
2023-09-25,GOOGL,131.11
2023-09-26,GOOGL,128.565
2023-09-27,GOOGL,130.54
2023-09-28,GOOGL,132.31
2023-09-29,GOOGL,130.86
2023-10-02,GOOGL,134.17
2023-10-03,GOOGL,132.43
2023-10-04,GOOGL,135.24
2023-10-05,GOOGL,135.07
2023-10-06,GOOGL,137.58
2023-10-09,GOOGL,138.42
2023-10-10,GOOGL,138.06
2023-10-11,GOOGL,140.55
2023-10-12,GOOGL,138.97
2023-10-13,GOOGL,137.36
2023-10-16,GOOGL,139.095
2023-10-17,GOOGL,139.72
2023-10-18,GOOGL,137.96
2023-10-19,GOOGL,137.75
2023-10-20,GOOGL,135.60
2023-10-23,GOOGL,136.50
2023-10-24,GOOGL,138.81
2023-10-25,GOOGL,125.61
2023-10-26,GOOGL,122.28
2023-10-27,GOOGL,122.17
2023-10-30,GOOGL,124.46
2023-10-31,GOOGL,124.08
2023-11-01,GOOGL,126.45
2023-11-02,GOOGL,127.49
2023-11-03,GOOGL,129.10
2023-11-06,GOOGL,130.25
2023-11-07,GOOGL,130.97
2023-11-08,GOOGL,131.84
2023-11-09,GOOGL,130.24
2023-11-10,GOOGL,132.59
2023-11-13,GOOGL,132.09
2023-11-14,GOOGL,133.62
2023-11-15,GOOGL,134.62
2023-11-16,GOOGL,136.93
2023-11-17,GOOGL,135.31
2023-11-20,GOOGL,136.25
2023-11-21,GOOGL,136.97
2023-11-22,GOOGL,138.49
2023-11-24,GOOGL,136.69
2023-11-27,GOOGL,136.41
2023-11-28,GOOGL,137.20
2023-11-29,GOOGL,134.99
2023-11-30,GOOGL,132.53
2023-12-01,GOOGL,131.86
2023-12-04,GOOGL,129.27
2023-12-05,GOOGL,130.99
2023-12-06,GOOGL,130.02
2023-12-07,GOOGL,136.93
2023-12-08,GOOGL,134.99
2023-12-11,GOOGL,133.29
2023-12-12,GOOGL,132.52
2023-12-13,GOOGL,132.57
2023-12-14,GOOGL,131.94
2023-12-15,GOOGL,132.60
2023-12-18,GOOGL,135.80
2023-12-19,GOOGL,136.65
2023-12-20,GOOGL,138.34
2023-12-21,GOOGL,140.42
2023-12-22,GOOGL,141.49
2023-12-26,GOOGL,141.52
2023-12-27,GOOGL,140.37
2023-12-28,GOOGL,140.23
2023-12-29,GOOGL,139.69
2024-01-02,GOOGL,138.17
2024-01-03,GOOGL,138.92
2024-01-04,GOOGL,136.39
2024-01-05,GOOGL,135.73
2024-01-08,GOOGL,138.84
2024-01-09,GOOGL,140.95
2024-01-10,GOOGL,142.28
2024-01-11,GOOGL,142.08
2024-01-12,GOOGL,142.65
2024-01-16,GOOGL,142.49
2024-01-17,GOOGL,141.47
2024-01-18,GOOGL,143.48
2024-01-19,GOOGL,146.38
2024-01-22,GOOGL,145.99
2024-01-23,GOOGL,147.04
2024-01-24,GOOGL,148.70
2024-01-25,GOOGL,151.87
2024-01-26,GOOGL,152.185
2024-01-29,GOOGL,153.51
2024-01-30,GOOGL,151.46
2024-01-31,GOOGL,140.10
2024-02-01,GOOGL,141.16
2024-02-02,GOOGL,142.38
2024-02-05,GOOGL,143.68
2024-02-06,GOOGL,144.10
2024-02-07,GOOGL,145.54
2024-02-08,GOOGL,145.91
2024-02-09,GOOGL,149.00
2024-02-12,GOOGL,147.53
2024-02-13,GOOGL,145.14
2024-02-14,GOOGL,145.94
2024-02-15,GOOGL,142.77
2024-02-16,GOOGL,140.52
2024-02-20,GOOGL,141.12
2024-02-21,GOOGL,142.55
2024-02-22,GOOGL,144.09
2024-02-23,GOOGL,143.96
2024-02-26,GOOGL,137.57
2024-02-27,GOOGL,138.88
2024-02-28,GOOGL,136.38
2024-02-29,GOOGL,138.46
2024-03-01,GOOGL,137.14
2024-03-04,GOOGL,133.35
2024-03-05,GOOGL,132.67
2024-03-06,GOOGL,131.40
2024-03-07,GOOGL,134.38
2024-03-08,GOOGL,135.41
2024-03-11,GOOGL,137.67
2024-03-12,GOOGL,138.50
2024-03-13,GOOGL,139.79
2024-03-14,GOOGL,143.10
2024-03-15,GOOGL,141.18
2024-03-18,GOOGL,147.68
2024-03-19,GOOGL,147.03
2024-03-20,GOOGL,148.74
2024-03-21,GOOGL,147.60
2024-03-22,GOOGL,150.77
2024-03-25,GOOGL,150.07
2024-03-26,GOOGL,150.67
2024-03-27,GOOGL,150.87
2024-03-28,GOOGL,150.93
2024-04-01,GOOGL,155.49
2024-04-02,GOOGL,154.56
2024-04-03,GOOGL,154.92
2024-04-04,GOOGL,150.53
2024-04-05,GOOGL,152.50
2024-04-08,GOOGL,154.85
2024-04-09,GOOGL,156.60
2024-04-10,GOOGL,156.14
2024-04-11,GOOGL,159.41
2024-04-12,GOOGL,157.73
2024-04-15,GOOGL,154.86
2024-04-16,GOOGL,154.40
2024-04-17,GOOGL,155.47
2024-04-18,GOOGL,156.01
2024-04-19,GOOGL,154.09
2024-04-22,GOOGL,156.28
2024-04-23,GOOGL,158.26
2024-04-24,GOOGL,159.13
2024-04-25,GOOGL,156.00
2024-04-26,GOOGL,171.95
2024-04-29,GOOGL,166.15
2024-04-30,GOOGL,162.78
2024-05-01,GOOGL,163.86
2024-05-02,GOOGL,166.62
2024-05-03,GOOGL,167.24
2024-05-06,GOOGL,168.10
2024-05-07,GOOGL,171.25
2024-05-08,GOOGL,169.38
2024-05-09,GOOGL,169.96
2024-05-10,GOOGL,168.65
2024-05-13,GOOGL,169.14
2024-05-14,GOOGL,170.34
2024-05-15,GOOGL,172.51
2024-05-16,GOOGL,174.18
2024-05-17,GOOGL,176.06
2024-05-20,GOOGL,176.92
2024-05-21,GOOGL,177.85
2024-05-22,GOOGL,176.38
2024-05-23,GOOGL,173.55
2024-05-24,GOOGL,174.99
2024-05-28,GOOGL,176.40
2024-05-29,GOOGL,175.90
2024-05-30,GOOGL,172.11
2024-05-31,GOOGL,172.50
2024-06-03,GOOGL,173.17
2024-06-04,GOOGL,173.79
2024-06-05,GOOGL,175.41
2024-06-06,GOOGL,176.73
2024-06-07,GOOGL,174.46
2024-06-10,GOOGL,175.01
2024-06-11,GOOGL,176.62
2024-06-12,GOOGL,177.79
2024-06-13,GOOGL,175.16
2024-06-14,GOOGL,176.79
2024-06-17,GOOGL,177.24
2024-06-18,GOOGL,175.09
2024-06-20,GOOGL,176.30
2024-06-21,GOOGL,179.63
2024-06-24,GOOGL,179.22
2024-06-25,GOOGL,184.03
2024-06-26,GOOGL,183.88
2024-06-27,GOOGL,185.41
2024-06-28,GOOGL,182.15
2024-07-01,GOOGL,182.99
2024-07-02,GOOGL,185.24
2024-07-03,GOOGL,185.82
2024-07-05,GOOGL,190.60
2024-07-08,GOOGL,189.03
2024-07-09,GOOGL,188.98
2024-07-10,GOOGL,191.18
2024-07-11,GOOGL,185.57
2024-07-12,GOOGL,185.07
2024-07-15,GOOGL,186.53
2024-07-16,GOOGL,183.92
2024-07-17,GOOGL,181.02
2024-07-18,GOOGL,177.69
2024-07-19,GOOGL,177.66
2024-07-22,GOOGL,181.67
2024-07-23,GOOGL,181.79
2024-07-24,GOOGL,172.63
2024-07-25,GOOGL,167.28
2024-07-26,GOOGL,167.00
2024-07-29,GOOGL,169.53
2024-07-30,GOOGL,170.29
2024-07-31,GOOGL,171.54
2024-08-01,GOOGL,170.76
2024-08-02,GOOGL,166.66
2024-08-05,GOOGL,159.25
2024-08-06,GOOGL,158.29
2024-08-07,GOOGL,158.94
2024-08-08,GOOGL,162.03
2024-08-09,GOOGL,163.67
2024-08-12,GOOGL,162.29
2024-08-13,GOOGL,164.16
2024-08-14,GOOGL,160.37
2024-08-15,GOOGL,161.30
2024-08-16,GOOGL,162.96
2024-08-19,GOOGL,166.67
2024-08-20,GOOGL,167.18
2024-08-21,GOOGL,165.85
2024-08-22,GOOGL,163.80
2024-08-23,GOOGL,165.62
2024-08-26,GOOGL,166.16
2024-08-27,GOOGL,164.68
2024-08-28,GOOGL,162.85
2024-08-29,GOOGL,161.78
2024-08-30,GOOGL,163.38
2024-09-03,GOOGL,157.36
2024-09-04,GOOGL,156.45
2024-09-05,GOOGL,157.24
2024-09-06,GOOGL,150.92
2024-09-09,GOOGL,148.71
2024-09-10,GOOGL,148.66
2024-09-11,GOOGL,151.16
2024-09-12,GOOGL,154.69
2024-09-13,GOOGL,157.46
2024-09-16,GOOGL,158.06
2024-09-17,GOOGL,159.32
2024-09-18,GOOGL,159.81
2024-09-19,GOOGL,162.14
2024-09-20,GOOGL,163.59
2024-09-23,GOOGL,161.85
2024-09-24,GOOGL,162.29
2024-09-25,GOOGL,161.49
2024-09-26,GOOGL,162.73
2024-09-27,GOOGL,163.95
2024-09-30,GOOGL,165.85
2024-10-01,GOOGL,166.99
2024-10-02,GOOGL,165.86
2024-10-03,GOOGL,165.86
2024-10-04,GOOGL,167.06
2024-10-07,GOOGL,162.98
2024-10-08,GOOGL,164.38
2024-10-09,GOOGL,161.86
2024-10-10,GOOGL,162.08
2024-10-11,GOOGL,163.24
2024-10-14,GOOGL,164.96
2024-10-15,GOOGL,165.46
2024-10-16,GOOGL,165.16
2024-10-17,GOOGL,162.93
2024-10-18,GOOGL,163.42
2024-10-21,GOOGL,164.07
2024-10-22,GOOGL,165.14
2024-10-23,GOOGL,162.78
2024-10-24,GOOGL,162.72
2024-10-25,GOOGL,165.27
2024-10-28,GOOGL,166.72
2024-10-29,GOOGL,169.68
2024-10-30,GOOGL,174.46
2024-10-31,GOOGL,171.11
2024-11-01,GOOGL,171.29
2024-11-04,GOOGL,169.24
2024-11-05,GOOGL,169.74
2024-11-06,GOOGL,176.51
2024-11-07,GOOGL,180.75
2024-11-08,GOOGL,178.35
2024-11-11,GOOGL,180.35
2024-11-12,GOOGL,181.62
2024-11-13,GOOGL,178.88
2024-11-14,GOOGL,175.58
2024-11-15,GOOGL,172.49
2024-11-18,GOOGL,175.30
2024-11-19,GOOGL,178.12
2024-11-20,GOOGL,175.98
2024-11-21,GOOGL,167.63
2024-11-22,GOOGL,164.76
2024-11-25,GOOGL,167.65
2024-11-26,GOOGL,169.12
2024-11-27,GOOGL,169.23
2024-11-29,GOOGL,168.95
2024-12-02,GOOGL,171.49
2024-12-03,GOOGL,171.34
2024-12-04,GOOGL,174.37
2024-12-05,GOOGL,172.64
2024-12-06,GOOGL,174.71
2024-12-09,GOOGL,175.37
2024-12-10,GOOGL,185.17
2024-12-11,GOOGL,195.40
2024-12-12,GOOGL,191.96
2024-12-13,GOOGL,189.82
2024-12-16,GOOGL,196.66
2024-12-17,GOOGL,195.42
2024-12-18,GOOGL,188.40
2024-12-19,GOOGL,188.51
2024-12-20,GOOGL,191.41
2024-12-23,GOOGL,194.63
2024-12-24,GOOGL,196.11
2024-12-26,GOOGL,195.60
2024-12-27,GOOGL,192.76
2024-12-30,GOOGL,191.24
2024-12-31,GOOGL,189.30
2025-01-02,GOOGL,189.43
2025-01-03,GOOGL,191.79
2025-01-06,GOOGL,196.87
2025-01-07,GOOGL,195.49
2025-01-08,GOOGL,193.95
2025-01-10,GOOGL,192.04
2025-01-13,GOOGL,191.01
2025-01-14,GOOGL,189.66
2025-01-15,GOOGL,195.55
2025-01-16,GOOGL,192.91
2025-01-17,GOOGL,196.00
2025-01-21,GOOGL,198.05
2025-01-22,GOOGL,198.37
2025-01-23,GOOGL,197.98
2025-01-24,GOOGL,200.21
2025-01-27,GOOGL,191.81
2025-01-28,GOOGL,195.30
2025-01-29,GOOGL,195.41
2025-01-30,GOOGL,200.87
2025-01-31,GOOGL,204.02
2025-02-03,GOOGL,201.23
2025-02-04,GOOGL,206.38
2025-02-05,GOOGL,191.33
2025-02-06,GOOGL,191.60
2025-02-07,GOOGL,185.34
2025-02-10,GOOGL,186.47
2025-02-11,GOOGL,185.32
2025-02-12,GOOGL,183.61
2025-02-13,GOOGL,186.14
2025-02-14,GOOGL,185.23
2025-02-18,GOOGL,183.77
2025-02-19,GOOGL,185.27
2025-02-20,GOOGL,184.56
2025-02-21,GOOGL,179.66
2025-02-24,GOOGL,179.25
2025-02-25,GOOGL,175.42
2025-02-26,GOOGL,172.73
2025-02-27,GOOGL,168.50
2025-02-28,GOOGL,170.28
2025-03-03,GOOGL,167.01
2025-03-04,GOOGL,170.92
2025-03-05,GOOGL,173.02
2025-03-06,GOOGL,172.35
2025-03-07,GOOGL,173.86
2025-03-10,GOOGL,165.87
2025-03-11,GOOGL,164.04
2025-03-12,GOOGL,167.11
2025-03-13,GOOGL,162.76
2025-03-14,GOOGL,165.49
2025-03-17,GOOGL,164.29
2025-03-18,GOOGL,160.67
2025-03-19,GOOGL,163.89
2025-03-20,GOOGL,162.80
2025-03-21,GOOGL,163.99
2025-03-24,GOOGL,167.68
2025-03-25,GOOGL,170.56
2025-03-26,GOOGL,165.06
2025-03-27,GOOGL,162.24
2025-03-28,GOOGL,154.33
2025-03-31,GOOGL,154.64
2025-04-01,GOOGL,157.07
2025-04-02,GOOGL,157.04
2025-04-03,GOOGL,150.72
2025-04-04,GOOGL,145.60
2025-04-07,GOOGL,146.75
2025-04-08,GOOGL,144.70
2025-04-09,GOOGL,158.71
2025-04-10,GOOGL,152.82
2025-04-11,GOOGL,157.14
2025-04-14,GOOGL,159.07
2025-04-15,GOOGL,156.31
2025-04-16,GOOGL,153.33
2025-04-17,GOOGL,151.16
2025-04-21,GOOGL,147.67
2025-04-22,GOOGL,151.47
2025-04-23,GOOGL,155.35
2025-04-24,GOOGL,159.28
2025-04-25,GOOGL,161.96
2025-04-28,GOOGL,160.61
2025-04-29,GOOGL,160.16
2025-04-30,GOOGL,158.80
2025-05-01,GOOGL,161.30
2025-05-02,GOOGL,164.03
2025-05-05,GOOGL,164.21
2025-05-06,GOOGL,163.23
2025-05-07,GOOGL,151.38
2025-05-08,GOOGL,154.28
2025-05-09,GOOGL,152.75
2025-05-12,GOOGL,158.46
2025-05-13,GOOGL,159.53
2025-05-14,GOOGL,165.37
2025-05-15,GOOGL,163.96
2025-05-16,GOOGL,166.19
2025-05-19,GOOGL,166.54
2025-05-20,GOOGL,163.98
2025-05-21,GOOGL,168.56
2025-05-22,GOOGL,170.87
2025-05-23,GOOGL,168.47
2025-05-27,GOOGL,172.90
2025-05-28,GOOGL,172.36
2025-05-29,GOOGL,171.86
2025-05-30,GOOGL,171.74
2025-06-02,GOOGL,169.03
2025-06-03,GOOGL,166.18
2025-06-04,GOOGL,168.05
2025-06-05,GOOGL,168.21
2025-06-06,GOOGL,173.68
2025-06-09,GOOGL,176.09
2025-06-10,GOOGL,178.60
2025-06-11,GOOGL,177.35
2025-06-12,GOOGL,175.70
2025-06-13,GOOGL,174.67
2025-06-16,GOOGL,176.77
2025-06-17,GOOGL,175.95
2025-06-18,GOOGL,173.32
2025-06-20,GOOGL,166.64
2025-06-23,GOOGL,165.19
2025-06-24,GOOGL,166.77
2025-06-25,GOOGL,170.68
2025-06-26,GOOGL,173.54
2025-06-27,GOOGL,178.53
2025-06-30,GOOGL,176.23
2025-07-01,GOOGL,175.84
2025-07-02,GOOGL,178.64
2025-07-03,GOOGL,179.53
2025-07-07,GOOGL,176.79
2025-07-08,GOOGL,174.36
2025-07-09,GOOGL,176.62
2025-07-10,GOOGL,177.62
2025-07-11,GOOGL,180.19
2025-07-14,GOOGL,181.56
2025-07-15,GOOGL,182.00
2025-07-16,GOOGL,182.97
2025-07-17,GOOGL,183.58
2025-07-18,GOOGL,185.06
2025-07-21,GOOGL,190.10
2025-07-22,GOOGL,191.34
2025-07-23,GOOGL,190.23
2025-07-24,GOOGL,192.17
2025-07-25,GOOGL,193.18
2025-07-28,GOOGL,192.58
2025-07-29,GOOGL,195.75
2025-07-30,GOOGL,196.53
2025-07-31,GOOGL,191.90
2025-08-01,GOOGL,189.13
2025-08-04,GOOGL,195.04
2025-08-05,GOOGL,194.67
2025-08-06,GOOGL,196.09
2025-08-07,GOOGL,196.52
2025-08-08,GOOGL,201.42
2025-08-11,GOOGL,201.00
2025-08-12,GOOGL,203.34
2025-08-13,GOOGL,201.96
2025-08-14,GOOGL,202.94
2025-08-15,GOOGL,203.90
2025-08-18,GOOGL,203.50
2025-08-19,GOOGL,201.57
2025-08-20,GOOGL,199.32
2025-08-21,GOOGL,199.75
2025-08-22,GOOGL,206.09
2025-08-25,GOOGL,208.49
2025-08-26,GOOGL,207.14
2025-08-27,GOOGL,207.48
2025-08-28,GOOGL,211.64
2025-08-29,GOOGL,212.91
2025-09-02,GOOGL,211.35
2025-09-03,GOOGL,230.66
2025-09-04,GOOGL,232.30
2025-09-05,GOOGL,235.00
2025-09-08,GOOGL,234.04
2025-09-09,GOOGL,239.63
2025-09-10,GOOGL,239.17
2025-09-11,GOOGL,240.37
2025-09-12,GOOGL,240.80
2025-09-15,GOOGL,251.61
2025-09-16,GOOGL,251.16
2025-09-17,GOOGL,249.53
2025-09-18,GOOGL,252.03
2025-09-19,GOOGL,254.72
2025-09-22,GOOGL,252.53
2025-09-23,GOOGL,251.66
2025-09-24,GOOGL,247.14
2025-09-25,GOOGL,245.79
2025-09-26,GOOGL,246.54
2025-09-29,GOOGL,244.05
2025-09-30,GOOGL,243.10
2025-10-01,GOOGL,244.90
2025-10-02,GOOGL,245.69
2025-10-03,GOOGL,245.35
2025-10-06,GOOGL,250.43
2025-10-07,GOOGL,245.76
2025-10-08,GOOGL,244.62
2025-10-09,GOOGL,241.53
2025-10-10,GOOGL,236.57
2025-10-13,GOOGL,244.15
2025-10-14,GOOGL,245.45
2025-10-15,GOOGL,251.03
2025-10-16,GOOGL,251.46
2025-10-17,GOOGL,253.30
2025-10-20,GOOGL,256.55
2025-10-21,GOOGL,250.46
2025-10-22,GOOGL,251.69
2025-10-23,GOOGL,253.08
2025-10-24,GOOGL,259.92
2025-10-27,GOOGL,269.27
2025-10-28,GOOGL,267.47
2025-10-29,GOOGL,274.57
2025-10-30,GOOGL,281.48
2025-10-31,GOOGL,281.19
2025-11-03,GOOGL,283.72
2025-11-04,GOOGL,277.54
2025-11-05,GOOGL,284.31
2025-11-06,GOOGL,284.75
2025-11-07,GOOGL,278.83
2025-11-10,GOOGL,290.10
2025-11-11,GOOGL,291.31
2025-11-12,GOOGL,286.71
2025-11-13,GOOGL,278.57
2025-11-14,GOOGL,276.41
2025-11-17,GOOGL,285.02
2025-11-18,GOOGL,284.28
2025-11-19,GOOGL,292.81
2025-11-20,GOOGL,289.45
2025-11-21,GOOGL,299.66
2025-11-24,GOOGL,318.58
2025-11-25,GOOGL,323.44
2025-11-26,GOOGL,319.95
2025-11-28,GOOGL,320.18
2025-12-01,GOOGL,314.89
2025-12-02,GOOGL,315.81
2025-12-03,GOOGL,319.63
2025-12-04,GOOGL,317.62
2025-12-05,GOOGL,321.27
2025-12-08,GOOGL,313.72
2025-12-09,GOOGL,317.08
2025-12-10,GOOGL,320.21
2025-12-11,GOOGL,312.43
2025-12-12,GOOGL,309.29
2025-12-15,GOOGL,308.22
2025-12-16,GOOGL,306.57
2025-12-17,GOOGL,296.72
2025-12-18,GOOGL,302.46
2025-12-19,GOOGL,307.16
2025-12-22,GOOGL,309.78
2025-12-23,GOOGL,314.35
2025-12-24,GOOGL,314.09
2025-12-26,GOOGL,313.51
2025-12-29,GOOGL,313.56
2025-12-30,GOOGL,313.85
2025-12-31,GOOGL,313.00
2026-01-02,GOOGL,315.15
2026-01-05,GOOGL,316.54
2026-01-06,GOOGL,314.34
2026-01-07,GOOGL,321.98
2026-01-08,GOOGL,325.44
2026-01-09,GOOGL,328.57
2026-01-12,GOOGL,331.86
2026-01-13,GOOGL,335.97
2026-01-14,GOOGL,335.84
2026-01-15,GOOGL,332.78
2026-01-16,GOOGL,330.00
2026-01-20,GOOGL,322.00
2026-01-21,GOOGL,328.38
2026-01-22,GOOGL,330.54
2026-01-23,GOOGL,327.93
2026-01-26,GOOGL,333.26
2026-01-27,GOOGL,334.55
2026-01-28,GOOGL,336.01
2026-01-29,GOOGL,338.25
2026-01-30,GOOGL,338.00
2026-02-02,GOOGL,343.69
2026-02-03,GOOGL,339.71
2026-02-04,GOOGL,333.04
2026-02-05,GOOGL,331.25
2026-02-06,GOOGL,322.86
2026-02-09,GOOGL,324.32
2026-02-10,GOOGL,318.58
2026-02-11,GOOGL,310.96
2026-02-12,GOOGL,309.00
2026-02-13,GOOGL,305.72
2026-02-17,GOOGL,302.02
2026-02-18,GOOGL,303.33
2026-02-19,GOOGL,302.85
2026-02-20,GOOGL,314.98
2026-02-23,GOOGL,311.49
2026-02-24,GOOGL,310.90
2026-02-25,GOOGL,312.90
2026-02-26,GOOGL,307.38
2026-02-27,GOOGL,311.76
2026-03-02,GOOGL,306.52
2026-03-03,GOOGL,303.58
2026-03-04,GOOGL,303.13
2026-03-05,GOOGL,300.88
2026-03-06,GOOGL,298.52
2026-03-09,GOOGL,306.36
2026-03-10,GOOGL,307.04
2026-03-11,GOOGL,308.70
2026-03-12,GOOGL,303.55
2026-03-13,GOOGL,302.28
2026-03-16,GOOGL,305.56
2026-03-17,GOOGL,310.92
2026-03-18,GOOGL,307.69
2026-03-19,GOOGL,307.13
2026-03-20,GOOGL,301.00
2026-03-23,GOOGL,302.06
2026-03-24,GOOGL,290.44
2026-03-25,GOOGL,290.93
2026-03-26,GOOGL,280.92
2026-03-27,GOOGL,274.34
2026-03-30,GOOGL,273.50
2026-03-31,GOOGL,287.56
2026-04-01,GOOGL,297.39
2026-04-02,GOOGL,295.77
2026-04-06,GOOGL,299.99
2026-04-07,GOOGL,305.46
2026-04-08,GOOGL,317.32
2026-04-09,GOOGL,318.49
2026-04-10,GOOGL,317.24
2026-04-13,GOOGL,321.31
2026-04-14,GOOGL,332.91
2026-04-15,GOOGL,337.12
2026-04-16,GOOGL,336.02
2026-04-17,GOOGL,341.68
2026-04-20,GOOGL,337.42
2026-04-21,GOOGL,332.29
2026-04-22,GOOGL,339.32
2026-04-23,GOOGL,338.89
2026-04-24,GOOGL,344.40
2026-04-27,GOOGL,350.34
2026-04-28,GOOGL,349.78
2026-04-29,GOOGL,349.94
2026-04-30,GOOGL,384.80
2026-05-01,GOOGL,385.69
2026-05-04,GOOGL,383.25
2026-05-05,GOOGL,388.43
2026-05-06,GOOGL,398.04
2026-05-07,GOOGL,397.99
2026-05-08,GOOGL,400.80
2026-05-11,GOOGL,388.64
2026-05-12,GOOGL,387.35
2026-05-13,GOOGL,402.62
2026-05-14,GOOGL,401.07
2026-05-15,GOOGL,396.78
2026-05-18,GOOGL,396.94
2026-05-19,GOOGL,387.66
2026-05-20,GOOGL,388.91
2026-05-21,GOOGL,387.66
2026-05-22,GOOGL,382.97
2026-05-26,GOOGL,388.88
2026-05-27,GOOGL,388.83
2026-05-28,GOOGL,390.13
2026-05-29,GOOGL,380.34
2026-06-01,GOOGL,376.37
2026-06-02,GOOGL,361.85
2026-06-03,GOOGL,358.99
2026-06-04,GOOGL,372.19
2026-06-05,GOOGL,368.53
2026-06-08,GOOGL,363.31
2026-06-09,GOOGL,364.26
2026-06-10,GOOGL,356.38
2026-06-11,GOOGL,357.77
2026-06-12,GOOGL,359.68
2026-06-15,GOOGL,369.35
2026-06-16,GOOGL,373.25
2026-06-17,GOOGL,363.79
2026-06-18,GOOGL,368.03
2026-06-22,GOOGL,349.68
2026-06-23,GOOGL,346.13
2026-06-24,GOOGL,345.29
2026-06-25,GOOGL,343.71
2026-06-26,GOOGL,337.39
2026-06-29,GOOGL,353.65
2026-06-30,GOOGL,357.37
2026-07-01,GOOGL,361.21
2026-07-02,GOOGL,359.91
2026-07-06,GOOGL,366.46
2026-07-07,GOOGL,367.03
2026-07-08,GOOGL,361.92
2026-07-09,GOOGL,358.89
2026-07-10,GOOGL,357.18
2026-07-13,GOOGL,352.51
2026-07-14,GOOGL,359.51
2026-07-15,GOOGL,370.92
2026-07-16,GOOGL,354.46
2026-07-17,GOOGL,346.77
2026-07-20,GOOGL,351.99
2026-07-21,GOOGL,347.15
2026-07-22,GOOGL,342.09
2026-07-23,GOOGL,317.69
2026-07-24,GOOGL,319.74
2026-07-27,GOOGL,326.56
2026-07-28,GOOGL,333.71
2026-07-29,GOOGL,336.71
2026-07-30,GOOGL,333.66
2026-07-31,GOOGL,356.13
2026-08-03,GOOGL,373.51
2026-08-04,GOOGL,377.65
2026-08-05,GOOGL,362.43
2026-08-06,GOOGL,357.75
2026-08-07,GOOGL,354.30
2026-08-10,GOOGL,357.52
2026-08-11,GOOGL,343.80
2026-08-12,GOOGL,343.54
2026-08-13,GOOGL,346.36
2026-08-14,GOOGL,345.90
2026-08-17,GOOGL,344.00
2026-08-18,GOOGL,344.20
2026-08-19,GOOGL,344.72
2026-08-20,GOOGL,340.67
2026-08-21,GOOGL,344.82
2026-08-24,GOOGL,348.06
2026-08-25,GOOGL,346.96
2026-08-26,GOOGL,342.00
2026-08-27,GOOGL,340.65
2026-08-28,GOOGL,346.59
2026-08-31,GOOGL,339.35
2026-09-01,GOOGL,335.02
2026-09-02,GOOGL,337.12
2026-09-03,GOOGL,342.48
2026-09-04,GOOGL,338.46
2026-09-08,GOOGL,338.36
2026-09-09,GOOGL,330.65
2026-09-10,GOOGL,332.60
2026-09-11,GOOGL,338.50
2026-09-14,GOOGL,349.39
2026-09-15,GOOGL,344.98
2026-09-16,GOOGL,342.87
2026-09-17,GOOGL,347.33
2026-09-18,GOOGL,349.54
2026-09-21,GOOGL,354.97
2021-01-04,MSFT,217.69
2021-01-05,MSFT,217.90
2021-01-06,MSFT,212.25
2021-01-07,MSFT,218.29
2021-01-08,MSFT,219.62
2021-01-11,MSFT,217.49
2021-01-12,MSFT,214.93
2021-01-13,MSFT,216.34
2021-01-14,MSFT,213.02
2021-01-15,MSFT,212.65
2021-01-19,MSFT,216.44
2021-01-20,MSFT,224.34
2021-01-21,MSFT,224.97
2021-01-22,MSFT,225.95
2021-01-25,MSFT,229.53
2021-01-26,MSFT,232.33
2021-01-27,MSFT,232.90
2021-01-28,MSFT,238.93
2021-01-29,MSFT,231.96
2021-02-01,MSFT,239.65
2021-02-02,MSFT,239.51
2021-02-03,MSFT,243.00
2021-02-04,MSFT,242.01
2021-02-05,MSFT,242.20
2021-02-08,MSFT,242.47
2021-02-09,MSFT,243.77
2021-02-10,MSFT,242.82
2021-02-11,MSFT,244.49
2021-02-12,MSFT,244.99
2021-02-16,MSFT,243.70
2021-02-17,MSFT,244.20
2021-02-18,MSFT,243.79
2021-02-19,MSFT,240.97
2021-02-22,MSFT,234.51
2021-02-23,MSFT,233.27
2021-02-24,MSFT,234.55
2021-02-25,MSFT,228.99
2021-02-26,MSFT,232.38
2021-03-01,MSFT,236.94
2021-03-02,MSFT,233.87
2021-03-03,MSFT,227.56
2021-03-04,MSFT,226.73
2021-03-05,MSFT,231.60
2021-03-08,MSFT,227.39
2021-03-09,MSFT,233.78
2021-03-10,MSFT,232.42
2021-03-11,MSFT,237.13
2021-03-12,MSFT,235.75
2021-03-15,MSFT,234.81
2021-03-16,MSFT,237.71
2021-03-17,MSFT,237.04
2021-03-18,MSFT,230.72
2021-03-19,MSFT,230.35
2021-03-22,MSFT,235.99
2021-03-23,MSFT,237.58
2021-03-24,MSFT,235.46
2021-03-25,MSFT,232.34
2021-03-26,MSFT,236.48
2021-03-29,MSFT,235.24
2021-03-30,MSFT,231.85
2021-03-31,MSFT,235.77
2021-04-01,MSFT,242.35
2021-04-05,MSFT,249.07
2021-04-06,MSFT,247.86
2021-04-07,MSFT,249.90
2021-04-08,MSFT,253.25
2021-04-09,MSFT,255.85
2021-04-12,MSFT,255.91
2021-04-13,MSFT,258.49
2021-04-14,MSFT,255.59
2021-04-15,MSFT,259.50
2021-04-16,MSFT,260.74
2021-04-19,MSFT,258.74
2021-04-20,MSFT,258.26
2021-04-21,MSFT,260.58
2021-04-22,MSFT,257.17
2021-04-23,MSFT,261.15
2021-04-26,MSFT,261.55
2021-04-27,MSFT,261.97
2021-04-28,MSFT,254.56
2021-04-29,MSFT,252.51
2021-04-30,MSFT,252.18
2021-05-03,MSFT,251.86
2021-05-04,MSFT,247.79
2021-05-05,MSFT,246.47
2021-05-06,MSFT,249.73
2021-05-07,MSFT,252.46
2021-05-10,MSFT,247.18
2021-05-11,MSFT,246.23
2021-05-12,MSFT,239.00
2021-05-13,MSFT,243.03
2021-05-14,MSFT,248.15
2021-05-17,MSFT,245.18
2021-05-18,MSFT,243.08
2021-05-19,MSFT,243.12
2021-05-20,MSFT,246.48
2021-05-21,MSFT,245.17
2021-05-24,MSFT,250.78
2021-05-25,MSFT,251.72
2021-05-26,MSFT,251.49
2021-05-27,MSFT,249.31
2021-05-28,MSFT,249.68
2021-06-01,MSFT,247.40
2021-06-02,MSFT,247.30
2021-06-03,MSFT,245.71
2021-06-04,MSFT,250.79
2021-06-07,MSFT,253.81
2021-06-08,MSFT,252.57
2021-06-09,MSFT,253.59
2021-06-10,MSFT,257.24
2021-06-11,MSFT,257.89
2021-06-14,MSFT,259.89
2021-06-15,MSFT,258.36
2021-06-16,MSFT,257.38
2021-06-17,MSFT,260.90
2021-06-18,MSFT,259.43
2021-06-21,MSFT,262.63
2021-06-22,MSFT,265.51
2021-06-23,MSFT,265.275
2021-06-24,MSFT,266.69
2021-06-25,MSFT,265.02
2021-06-28,MSFT,268.72
2021-06-29,MSFT,271.40
2021-06-30,MSFT,270.90
2021-07-01,MSFT,271.60
2021-07-02,MSFT,277.65
2021-07-06,MSFT,277.66
2021-07-07,MSFT,279.93
2021-07-08,MSFT,277.42
2021-07-09,MSFT,277.94
2021-07-12,MSFT,277.32
2021-07-13,MSFT,280.98
2021-07-14,MSFT,282.51
2021-07-15,MSFT,281.03
2021-07-16,MSFT,280.75
2021-07-19,MSFT,277.01
2021-07-20,MSFT,279.32
2021-07-21,MSFT,281.40
2021-07-22,MSFT,286.14
2021-07-23,MSFT,289.67
2021-07-26,MSFT,289.05
2021-07-27,MSFT,286.54
2021-07-28,MSFT,286.22
2021-07-29,MSFT,286.50
2021-07-30,MSFT,284.91
2021-08-02,MSFT,284.82
2021-08-03,MSFT,287.12
2021-08-04,MSFT,286.51
2021-08-05,MSFT,289.52
2021-08-06,MSFT,289.46
2021-08-09,MSFT,288.33
2021-08-10,MSFT,286.44
2021-08-11,MSFT,286.95
2021-08-12,MSFT,289.81
2021-08-13,MSFT,292.85
2021-08-16,MSFT,294.60
2021-08-17,MSFT,293.08
2021-08-18,MSFT,290.73
2021-08-19,MSFT,296.77
2021-08-20,MSFT,304.36
2021-08-23,MSFT,304.65
2021-08-24,MSFT,302.62
2021-08-25,MSFT,302.01
2021-08-26,MSFT,299.09
2021-08-27,MSFT,299.72
2021-08-30,MSFT,303.59
2021-08-31,MSFT,301.88
2021-09-01,MSFT,301.83
2021-09-02,MSFT,301.15
2021-09-03,MSFT,301.14
2021-09-07,MSFT,300.18
2021-09-08,MSFT,300.21
2021-09-09,MSFT,297.25
2021-09-10,MSFT,295.71
2021-09-13,MSFT,296.99
2021-09-14,MSFT,299.79
2021-09-15,MSFT,304.82
2021-09-16,MSFT,305.22
2021-09-17,MSFT,299.87
2021-09-20,MSFT,294.30
2021-09-21,MSFT,294.80
2021-09-22,MSFT,298.58
2021-09-23,MSFT,299.56
2021-09-24,MSFT,299.35
2021-09-27,MSFT,294.17
2021-09-28,MSFT,283.52
2021-09-29,MSFT,284.00
2021-09-30,MSFT,281.92
2021-10-01,MSFT,289.10
2021-10-04,MSFT,283.11
2021-10-05,MSFT,288.76
2021-10-06,MSFT,293.11
2021-10-07,MSFT,294.85
2021-10-08,MSFT,294.85
2021-10-11,MSFT,294.23
2021-10-12,MSFT,292.88
2021-10-13,MSFT,296.31
2021-10-14,MSFT,302.75
2021-10-15,MSFT,304.21
2021-10-18,MSFT,307.29
2021-10-19,MSFT,308.23
2021-10-20,MSFT,307.41
2021-10-21,MSFT,310.76
2021-10-22,MSFT,309.16
2021-10-25,MSFT,308.13
2021-10-26,MSFT,310.11
2021-10-27,MSFT,323.17
2021-10-28,MSFT,324.35
2021-10-29,MSFT,331.62
2021-11-01,MSFT,329.37
2021-11-02,MSFT,333.13
2021-11-03,MSFT,334.00
2021-11-04,MSFT,336.44
2021-11-05,MSFT,336.06
2021-11-08,MSFT,336.99
2021-11-09,MSFT,335.95
2021-11-10,MSFT,330.80
2021-11-11,MSFT,332.43
2021-11-12,MSFT,336.72
2021-11-15,MSFT,336.07
2021-11-16,MSFT,339.51
2021-11-17,MSFT,339.12
2021-11-18,MSFT,341.27
2021-11-19,MSFT,343.11
2021-11-22,MSFT,339.83
2021-11-23,MSFT,337.68
2021-11-24,MSFT,337.91
2021-11-26,MSFT,329.68
2021-11-29,MSFT,336.63
2021-11-30,MSFT,330.59
2021-12-01,MSFT,330.08
2021-12-02,MSFT,329.49
2021-12-03,MSFT,323.01
2021-12-06,MSFT,326.19
2021-12-07,MSFT,334.92
2021-12-08,MSFT,334.97
2021-12-09,MSFT,333.10
2021-12-10,MSFT,342.54
2021-12-13,MSFT,339.40
2021-12-14,MSFT,328.34
2021-12-15,MSFT,334.65
2021-12-16,MSFT,324.90
2021-12-17,MSFT,323.80
2021-12-20,MSFT,319.91
2021-12-21,MSFT,327.29
2021-12-22,MSFT,333.20
2021-12-23,MSFT,334.69
2021-12-27,MSFT,342.45
2021-12-28,MSFT,341.25
2021-12-29,MSFT,341.95
2021-12-30,MSFT,339.32
2021-12-31,MSFT,336.32
2022-01-03,MSFT,334.75
2022-01-04,MSFT,329.01
2022-01-05,MSFT,316.38
2022-01-06,MSFT,313.88
2022-01-07,MSFT,314.04
2022-01-10,MSFT,314.27
2022-01-11,MSFT,314.98
2022-01-12,MSFT,318.27
2022-01-13,MSFT,304.80
2022-01-14,MSFT,310.20
2022-01-18,MSFT,302.65
2022-01-19,MSFT,303.33
2022-01-20,MSFT,301.60
2022-01-21,MSFT,296.03
2022-01-24,MSFT,296.37
2022-01-25,MSFT,288.49
2022-01-26,MSFT,296.71
2022-01-27,MSFT,299.84
2022-01-28,MSFT,308.26
2022-01-31,MSFT,310.98
2022-02-01,MSFT,308.76
2022-02-02,MSFT,313.46
2022-02-03,MSFT,301.25
2022-02-04,MSFT,305.94
2022-02-07,MSFT,300.95
2022-02-08,MSFT,304.56
2022-02-09,MSFT,311.21
2022-02-10,MSFT,302.38
2022-02-11,MSFT,295.04
2022-02-14,MSFT,295.00
2022-02-15,MSFT,300.47
2022-02-16,MSFT,299.50
2022-02-17,MSFT,290.73
2022-02-18,MSFT,287.93
2022-02-22,MSFT,287.72
2022-02-23,MSFT,280.27
2022-02-24,MSFT,294.59
2022-02-25,MSFT,297.31
2022-02-28,MSFT,298.79
2022-03-01,MSFT,294.95
2022-03-02,MSFT,300.19
2022-03-03,MSFT,295.92
2022-03-04,MSFT,289.86
2022-03-07,MSFT,278.91
2022-03-08,MSFT,275.85
2022-03-09,MSFT,288.50
2022-03-10,MSFT,285.59
2022-03-11,MSFT,280.07
2022-03-14,MSFT,276.44
2022-03-15,MSFT,287.15
2022-03-16,MSFT,294.39
2022-03-17,MSFT,295.22
2022-03-18,MSFT,300.43
2022-03-21,MSFT,299.16
2022-03-22,MSFT,304.06
2022-03-23,MSFT,299.49
2022-03-24,MSFT,304.10
2022-03-25,MSFT,303.68
2022-03-28,MSFT,310.70
2022-03-29,MSFT,315.41
2022-03-30,MSFT,313.86
2022-03-31,MSFT,308.31
2022-04-01,MSFT,309.42
2022-04-04,MSFT,314.97
2022-04-05,MSFT,310.88
2022-04-06,MSFT,299.50
2022-04-07,MSFT,301.37
2022-04-08,MSFT,296.97
2022-04-11,MSFT,285.26
2022-04-12,MSFT,282.06
2022-04-13,MSFT,287.62
2022-04-14,MSFT,279.83
2022-04-18,MSFT,280.52
2022-04-19,MSFT,285.30
2022-04-20,MSFT,286.36
2022-04-21,MSFT,280.81
2022-04-22,MSFT,274.03
2022-04-25,MSFT,280.72
2022-04-26,MSFT,270.22
2022-04-27,MSFT,283.22
2022-04-28,MSFT,289.63
2022-04-29,MSFT,277.52
2022-05-02,MSFT,284.47
2022-05-03,MSFT,281.78
2022-05-04,MSFT,289.98
2022-05-05,MSFT,277.35
2022-05-06,MSFT,274.73
2022-05-09,MSFT,264.58
2022-05-10,MSFT,269.50
2022-05-11,MSFT,260.55
2022-05-12,MSFT,255.35
2022-05-13,MSFT,261.12
2022-05-16,MSFT,261.50
2022-05-17,MSFT,266.82
2022-05-18,MSFT,254.08
2022-05-19,MSFT,253.14
2022-05-20,MSFT,252.56
2022-05-23,MSFT,260.65
2022-05-24,MSFT,259.62
2022-05-25,MSFT,262.52
2022-05-26,MSFT,265.90
2022-05-27,MSFT,273.24
2022-05-31,MSFT,271.87
2022-06-01,MSFT,272.42
2022-06-02,MSFT,274.58
2022-06-03,MSFT,270.02
2022-06-06,MSFT,268.75
2022-06-07,MSFT,272.50
2022-06-08,MSFT,270.41
2022-06-09,MSFT,264.79
2022-06-10,MSFT,252.99
2022-06-13,MSFT,242.26
2022-06-14,MSFT,244.49
2022-06-15,MSFT,251.76
2022-06-16,MSFT,244.97
2022-06-17,MSFT,247.65
2022-06-21,MSFT,253.74
2022-06-22,MSFT,253.13
2022-06-23,MSFT,258.86
2022-06-24,MSFT,267.70
2022-06-27,MSFT,264.89
2022-06-28,MSFT,256.48
2022-06-29,MSFT,260.26
2022-06-30,MSFT,256.83
2022-07-01,MSFT,259.58
2022-07-05,MSFT,262.85
2022-07-06,MSFT,266.21
2022-07-07,MSFT,268.40
2022-07-08,MSFT,267.66
2022-07-11,MSFT,264.51
2022-07-12,MSFT,253.67
2022-07-13,MSFT,252.72
2022-07-14,MSFT,254.08
2022-07-15,MSFT,256.72
2022-07-18,MSFT,254.25
2022-07-19,MSFT,259.53
2022-07-20,MSFT,262.27
2022-07-21,MSFT,264.84
2022-07-22,MSFT,260.36
2022-07-25,MSFT,258.83
2022-07-26,MSFT,251.90
2022-07-27,MSFT,268.74
2022-07-28,MSFT,276.41
2022-07-29,MSFT,280.74
2022-08-01,MSFT,278.01
2022-08-02,MSFT,274.82
2022-08-03,MSFT,282.47
2022-08-04,MSFT,283.65
2022-08-05,MSFT,282.91
2022-08-08,MSFT,280.32
2022-08-09,MSFT,282.30
2022-08-10,MSFT,289.16
2022-08-11,MSFT,287.02
2022-08-12,MSFT,291.91
2022-08-15,MSFT,293.47
2022-08-16,MSFT,292.71
2022-08-17,MSFT,291.32
2022-08-18,MSFT,290.17
2022-08-19,MSFT,286.15
2022-08-22,MSFT,277.75
2022-08-23,MSFT,276.44
2022-08-24,MSFT,275.79
2022-08-25,MSFT,278.85
2022-08-26,MSFT,268.09
2022-08-29,MSFT,265.23
2022-08-30,MSFT,262.97
2022-08-31,MSFT,261.47
2022-09-01,MSFT,260.40
2022-09-02,MSFT,256.06
2022-09-06,MSFT,253.25
2022-09-07,MSFT,258.09
2022-09-08,MSFT,258.52
2022-09-09,MSFT,264.46
2022-09-12,MSFT,266.65
2022-09-13,MSFT,251.99
2022-09-14,MSFT,252.22
2022-09-15,MSFT,245.38
2022-09-16,MSFT,244.74
2022-09-19,MSFT,244.52
2022-09-20,MSFT,242.45
2022-09-21,MSFT,238.95
2022-09-22,MSFT,240.98
2022-09-23,MSFT,237.92
2022-09-26,MSFT,237.45
2022-09-27,MSFT,236.41
2022-09-28,MSFT,241.07
2022-09-29,MSFT,237.50
2022-09-30,MSFT,232.90
2022-10-03,MSFT,240.74
2022-10-04,MSFT,248.88
2022-10-05,MSFT,249.20
2022-10-06,MSFT,246.79
2022-10-07,MSFT,234.24
2022-10-10,MSFT,229.25
2022-10-11,MSFT,225.41
2022-10-12,MSFT,225.75
2022-10-13,MSFT,234.24
2022-10-14,MSFT,228.56
2022-10-17,MSFT,237.53
2022-10-18,MSFT,238.50
2022-10-19,MSFT,236.48
2022-10-20,MSFT,236.15
2022-10-21,MSFT,242.12
2022-10-24,MSFT,247.25
2022-10-25,MSFT,250.66
2022-10-26,MSFT,231.32
2022-10-27,MSFT,226.75
2022-10-28,MSFT,235.87
2022-10-31,MSFT,232.13
2022-11-01,MSFT,228.17
2022-11-02,MSFT,220.10
2022-11-03,MSFT,214.25
2022-11-04,MSFT,221.39
2022-11-07,MSFT,227.87
2022-11-08,MSFT,228.87
2022-11-09,MSFT,224.51
2022-11-10,MSFT,242.98
2022-11-11,MSFT,247.11
2022-11-14,MSFT,241.55
2022-11-15,MSFT,241.97
2022-11-16,MSFT,241.73
2022-11-17,MSFT,241.68
2022-11-18,MSFT,241.22
2022-11-21,MSFT,242.05
2022-11-22,MSFT,245.03
2022-11-23,MSFT,247.58
2022-11-25,MSFT,247.49
2022-11-28,MSFT,241.76
2022-11-29,MSFT,240.33
2022-11-30,MSFT,255.14
2022-12-01,MSFT,254.69
2022-12-02,MSFT,255.02
2022-12-05,MSFT,250.20
2022-12-06,MSFT,245.12
2022-12-07,MSFT,244.37
2022-12-08,MSFT,247.40
2022-12-09,MSFT,245.42
2022-12-12,MSFT,252.51
2022-12-13,MSFT,256.92
2022-12-14,MSFT,257.22
2022-12-15,MSFT,249.01
2022-12-16,MSFT,244.69
2022-12-19,MSFT,240.45
2022-12-20,MSFT,241.80
2022-12-21,MSFT,244.43
2022-12-22,MSFT,238.19
2022-12-23,MSFT,238.73
2022-12-27,MSFT,236.96
2022-12-28,MSFT,234.53
2022-12-29,MSFT,241.01
2022-12-30,MSFT,239.82
2023-01-03,MSFT,239.58
2023-01-04,MSFT,229.10
2023-01-05,MSFT,222.31
2023-01-06,MSFT,224.93
2023-01-09,MSFT,227.12
2023-01-10,MSFT,228.85
2023-01-11,MSFT,235.77
2023-01-12,MSFT,238.51
2023-01-13,MSFT,239.23
2023-01-17,MSFT,240.35
2023-01-18,MSFT,235.81
2023-01-19,MSFT,231.93
2023-01-20,MSFT,240.22
2023-01-23,MSFT,242.58
2023-01-24,MSFT,242.04
2023-01-25,MSFT,240.61
2023-01-26,MSFT,248.00
2023-01-27,MSFT,248.16
2023-01-30,MSFT,242.71
2023-01-31,MSFT,247.81
2023-02-01,MSFT,252.75
2023-02-02,MSFT,264.60
2023-02-03,MSFT,258.35
2023-02-06,MSFT,256.77
2023-02-07,MSFT,267.56
2023-02-08,MSFT,266.73
2023-02-09,MSFT,263.62
2023-02-10,MSFT,263.10
2023-02-13,MSFT,271.32
2023-02-14,MSFT,272.17
2023-02-15,MSFT,269.32
2023-02-16,MSFT,262.15
2023-02-17,MSFT,258.06
2023-02-21,MSFT,252.67
2023-02-22,MSFT,251.51
2023-02-23,MSFT,254.77
2023-02-24,MSFT,249.22
2023-02-27,MSFT,250.16
2023-02-28,MSFT,249.42
2023-03-01,MSFT,246.27
2023-03-02,MSFT,251.11
2023-03-03,MSFT,255.29
2023-03-06,MSFT,256.87
2023-03-07,MSFT,254.15
2023-03-08,MSFT,253.70
2023-03-09,MSFT,252.32
2023-03-10,MSFT,248.59
2023-03-13,MSFT,253.92
2023-03-14,MSFT,260.79
2023-03-15,MSFT,265.44
2023-03-16,MSFT,276.20
2023-03-17,MSFT,279.43
2023-03-20,MSFT,272.23
2023-03-21,MSFT,273.78
2023-03-22,MSFT,272.29
2023-03-23,MSFT,277.66
2023-03-24,MSFT,280.57
2023-03-27,MSFT,276.38
2023-03-28,MSFT,275.23
2023-03-29,MSFT,280.51
2023-03-30,MSFT,284.05
2023-03-31,MSFT,288.30
2023-04-03,MSFT,287.23
2023-04-04,MSFT,287.18
2023-04-05,MSFT,284.34
2023-04-06,MSFT,291.60
2023-04-10,MSFT,289.39
2023-04-11,MSFT,282.83
2023-04-12,MSFT,283.49
2023-04-13,MSFT,289.84
2023-04-14,MSFT,286.14
2023-04-17,MSFT,288.80
2023-04-18,MSFT,288.37
2023-04-19,MSFT,288.45
2023-04-20,MSFT,286.11
2023-04-21,MSFT,285.76
2023-04-24,MSFT,281.77
2023-04-25,MSFT,275.42
2023-04-26,MSFT,295.37
2023-04-27,MSFT,304.83
2023-04-28,MSFT,307.26
2023-05-01,MSFT,305.56
2023-05-02,MSFT,305.41
2023-05-03,MSFT,304.40
2023-05-04,MSFT,305.41
2023-05-05,MSFT,310.65
2023-05-08,MSFT,308.65
2023-05-09,MSFT,307.00
2023-05-10,MSFT,312.31
2023-05-11,MSFT,310.11
2023-05-12,MSFT,308.97
2023-05-15,MSFT,309.46
2023-05-16,MSFT,311.74
2023-05-17,MSFT,314.00
2023-05-18,MSFT,318.52
2023-05-19,MSFT,318.34
2023-05-22,MSFT,321.18
2023-05-23,MSFT,315.26
2023-05-24,MSFT,313.85
2023-05-25,MSFT,325.92
2023-05-26,MSFT,332.89
2023-05-30,MSFT,331.21
2023-05-31,MSFT,328.39
2023-06-01,MSFT,332.58
2023-06-02,MSFT,335.40
2023-06-05,MSFT,335.94
2023-06-06,MSFT,333.68
2023-06-07,MSFT,323.38
2023-06-08,MSFT,325.26
2023-06-09,MSFT,326.79
2023-06-12,MSFT,331.85
2023-06-13,MSFT,334.29
2023-06-14,MSFT,337.34
2023-06-15,MSFT,348.10
2023-06-16,MSFT,342.33
2023-06-20,MSFT,338.05
2023-06-21,MSFT,333.56
2023-06-22,MSFT,339.71
2023-06-23,MSFT,335.02
2023-06-26,MSFT,328.60
2023-06-27,MSFT,334.57
2023-06-28,MSFT,335.85
2023-06-29,MSFT,335.05
2023-06-30,MSFT,340.54
2023-07-03,MSFT,337.99
2023-07-05,MSFT,338.15
2023-07-06,MSFT,341.27
2023-07-07,MSFT,337.22
2023-07-10,MSFT,331.83
2023-07-11,MSFT,332.47
2023-07-12,MSFT,337.20
2023-07-13,MSFT,342.66
2023-07-14,MSFT,345.24
2023-07-17,MSFT,345.73
2023-07-18,MSFT,359.49
2023-07-19,MSFT,355.08
2023-07-20,MSFT,346.87
2023-07-21,MSFT,343.77
2023-07-24,MSFT,345.11
2023-07-25,MSFT,350.98
2023-07-26,MSFT,337.77
2023-07-27,MSFT,330.72
2023-07-28,MSFT,338.37
2023-07-31,MSFT,335.92
2023-08-01,MSFT,336.34
2023-08-02,MSFT,327.50
2023-08-03,MSFT,326.66
2023-08-04,MSFT,327.78
2023-08-07,MSFT,330.11
2023-08-08,MSFT,326.05
2023-08-09,MSFT,322.23
2023-08-10,MSFT,322.93
2023-08-11,MSFT,321.01
2023-08-14,MSFT,324.04
2023-08-15,MSFT,321.86
2023-08-16,MSFT,320.40
2023-08-17,MSFT,316.88
2023-08-18,MSFT,316.48
2023-08-21,MSFT,321.88
2023-08-22,MSFT,322.46
2023-08-23,MSFT,327.00
2023-08-24,MSFT,319.97
2023-08-25,MSFT,322.98
2023-08-28,MSFT,323.70
2023-08-29,MSFT,328.41
2023-08-30,MSFT,328.79
2023-08-31,MSFT,327.76
2023-09-01,MSFT,328.66
2023-09-05,MSFT,333.55
2023-09-06,MSFT,332.88
2023-09-07,MSFT,329.91
2023-09-08,MSFT,334.27
2023-09-11,MSFT,337.94
2023-09-12,MSFT,331.77
2023-09-13,MSFT,336.06
2023-09-14,MSFT,338.70
2023-09-15,MSFT,330.22
2023-09-18,MSFT,329.06
2023-09-19,MSFT,328.65
2023-09-20,MSFT,320.77
2023-09-21,MSFT,319.53
2023-09-22,MSFT,317.01
2023-09-25,MSFT,317.54
2023-09-26,MSFT,312.14
2023-09-27,MSFT,312.79
2023-09-28,MSFT,313.64
2023-09-29,MSFT,315.75
2023-10-02,MSFT,321.80
2023-10-03,MSFT,313.39
2023-10-04,MSFT,318.955
2023-10-05,MSFT,319.36
2023-10-06,MSFT,327.26
2023-10-09,MSFT,329.82
2023-10-10,MSFT,328.39
2023-10-11,MSFT,332.42
2023-10-12,MSFT,331.16
2023-10-13,MSFT,327.73
2023-10-16,MSFT,332.64
2023-10-17,MSFT,332.06
2023-10-18,MSFT,330.11
2023-10-19,MSFT,331.32
2023-10-20,MSFT,326.67
2023-10-23,MSFT,329.32
2023-10-24,MSFT,330.53
2023-10-25,MSFT,340.67
2023-10-26,MSFT,327.89
2023-10-27,MSFT,329.81
2023-10-30,MSFT,337.31
2023-10-31,MSFT,338.11
2023-11-01,MSFT,346.07
2023-11-02,MSFT,348.32
2023-11-03,MSFT,352.80
2023-11-06,MSFT,356.53
2023-11-07,MSFT,360.53
2023-11-08,MSFT,363.20
2023-11-09,MSFT,360.69
2023-11-10,MSFT,369.67
2023-11-13,MSFT,366.68
2023-11-14,MSFT,370.27
2023-11-15,MSFT,369.67
2023-11-16,MSFT,376.17
2023-11-17,MSFT,369.85
2023-11-20,MSFT,377.44
2023-11-21,MSFT,373.07
2023-11-22,MSFT,377.85
2023-11-24,MSFT,377.43
2023-11-27,MSFT,378.61
2023-11-28,MSFT,382.70
2023-11-29,MSFT,378.85
2023-11-30,MSFT,378.91
2023-12-01,MSFT,374.51
2023-12-04,MSFT,369.14
2023-12-05,MSFT,372.52
2023-12-06,MSFT,368.80
2023-12-07,MSFT,370.95
2023-12-08,MSFT,374.23
2023-12-11,MSFT,371.30
2023-12-12,MSFT,374.38
2023-12-13,MSFT,374.37
2023-12-14,MSFT,365.93
2023-12-15,MSFT,370.73
2023-12-18,MSFT,372.65
2023-12-19,MSFT,373.26
2023-12-20,MSFT,370.62
2023-12-21,MSFT,373.54
2023-12-22,MSFT,374.58
2023-12-26,MSFT,374.66
2023-12-27,MSFT,374.07
2023-12-28,MSFT,375.28
2023-12-29,MSFT,376.04
2024-01-02,MSFT,370.87
2024-01-03,MSFT,370.60
2024-01-04,MSFT,367.94
2024-01-05,MSFT,367.75
2024-01-08,MSFT,374.69
2024-01-09,MSFT,375.79
2024-01-10,MSFT,382.77
2024-01-11,MSFT,384.63
2024-01-12,MSFT,388.47
2024-01-16,MSFT,390.27
2024-01-17,MSFT,389.47
2024-01-18,MSFT,393.87
2024-01-19,MSFT,398.67
2024-01-22,MSFT,396.51
2024-01-23,MSFT,398.90
2024-01-24,MSFT,402.56
2024-01-25,MSFT,404.87
2024-01-26,MSFT,403.93
2024-01-29,MSFT,409.72
2024-01-30,MSFT,408.59
2024-01-31,MSFT,397.58
2024-02-01,MSFT,403.78
2024-02-02,MSFT,411.22
2024-02-05,MSFT,405.65
2024-02-06,MSFT,405.49
2024-02-07,MSFT,414.05
2024-02-08,MSFT,414.11
2024-02-09,MSFT,420.55
2024-02-12,MSFT,415.26
2024-02-13,MSFT,406.32
2024-02-14,MSFT,409.49
2024-02-15,MSFT,406.56
2024-02-16,MSFT,404.06
2024-02-20,MSFT,402.79
2024-02-21,MSFT,402.18
2024-02-22,MSFT,411.65
2024-02-23,MSFT,410.34
2024-02-26,MSFT,407.54
2024-02-27,MSFT,407.48
2024-02-28,MSFT,407.72
2024-02-29,MSFT,413.64
2024-03-01,MSFT,415.50
2024-03-04,MSFT,414.92
2024-03-05,MSFT,402.65
2024-03-06,MSFT,402.09
2024-03-07,MSFT,409.14
2024-03-08,MSFT,406.22
2024-03-11,MSFT,404.52
2024-03-12,MSFT,415.28
2024-03-13,MSFT,415.10
2024-03-14,MSFT,425.22
2024-03-15,MSFT,416.42
2024-03-18,MSFT,417.32
2024-03-19,MSFT,421.41
2024-03-20,MSFT,425.23
2024-03-21,MSFT,429.37
2024-03-22,MSFT,428.74
2024-03-25,MSFT,422.86
2024-03-26,MSFT,421.65
2024-03-27,MSFT,421.43
2024-03-28,MSFT,420.72
2024-04-01,MSFT,424.57
2024-04-02,MSFT,421.44
2024-04-03,MSFT,420.45
2024-04-04,MSFT,417.88
2024-04-05,MSFT,425.52
2024-04-08,MSFT,424.59
2024-04-09,MSFT,426.28
2024-04-10,MSFT,423.26
2024-04-11,MSFT,427.93
2024-04-12,MSFT,421.90
2024-04-15,MSFT,413.64
2024-04-16,MSFT,414.58
2024-04-17,MSFT,411.84
2024-04-18,MSFT,404.27
2024-04-19,MSFT,399.12
2024-04-22,MSFT,400.96
2024-04-23,MSFT,407.57
2024-04-24,MSFT,409.06
2024-04-25,MSFT,399.04
2024-04-26,MSFT,406.32
2024-04-29,MSFT,402.25
2024-04-30,MSFT,389.33
2024-05-01,MSFT,394.94
2024-05-02,MSFT,397.84
2024-05-03,MSFT,406.66
2024-05-06,MSFT,413.54
2024-05-07,MSFT,409.34
2024-05-08,MSFT,410.54
2024-05-09,MSFT,412.32
2024-05-10,MSFT,414.74
2024-05-13,MSFT,413.72
2024-05-14,MSFT,416.56
2024-05-15,MSFT,423.08
2024-05-16,MSFT,420.99
2024-05-17,MSFT,420.21
2024-05-20,MSFT,425.34
2024-05-21,MSFT,429.04
2024-05-22,MSFT,430.52
2024-05-23,MSFT,427.00
2024-05-24,MSFT,430.16
2024-05-28,MSFT,430.32
2024-05-29,MSFT,429.17
2024-05-30,MSFT,414.67
2024-05-31,MSFT,415.13
2024-06-03,MSFT,413.52
2024-06-04,MSFT,416.07
2024-06-05,MSFT,424.01
2024-06-06,MSFT,424.52
2024-06-07,MSFT,423.85
2024-06-10,MSFT,427.87
2024-06-11,MSFT,432.68
2024-06-12,MSFT,441.06
2024-06-13,MSFT,441.58
2024-06-14,MSFT,442.57
2024-06-17,MSFT,448.37
2024-06-18,MSFT,446.34
2024-06-20,MSFT,445.70
2024-06-21,MSFT,449.78
2024-06-24,MSFT,447.67
2024-06-25,MSFT,450.95
2024-06-26,MSFT,452.16
2024-06-27,MSFT,452.85
2024-06-28,MSFT,446.95
2024-07-01,MSFT,456.73
2024-07-02,MSFT,459.28
2024-07-03,MSFT,460.77
2024-07-05,MSFT,467.56
2024-07-08,MSFT,466.24
2024-07-09,MSFT,459.54
2024-07-10,MSFT,466.25
2024-07-11,MSFT,454.70
2024-07-12,MSFT,453.55
2024-07-15,MSFT,453.96
2024-07-16,MSFT,449.52
2024-07-17,MSFT,443.52
2024-07-18,MSFT,440.37
2024-07-19,MSFT,437.11
2024-07-22,MSFT,442.94
2024-07-23,MSFT,444.85
2024-07-24,MSFT,428.90
2024-07-25,MSFT,418.40
2024-07-26,MSFT,425.27
2024-07-29,MSFT,426.73
2024-07-30,MSFT,422.92
2024-07-31,MSFT,418.35
2024-08-01,MSFT,417.11
2024-08-02,MSFT,408.49
2024-08-05,MSFT,395.15
2024-08-06,MSFT,399.61
2024-08-07,MSFT,398.43
2024-08-08,MSFT,402.69
2024-08-09,MSFT,406.02
2024-08-12,MSFT,406.81
2024-08-13,MSFT,414.01
2024-08-14,MSFT,416.86
2024-08-15,MSFT,421.03
2024-08-16,MSFT,418.47
2024-08-19,MSFT,421.53
2024-08-20,MSFT,424.80
2024-08-21,MSFT,424.14
2024-08-22,MSFT,415.55
2024-08-23,MSFT,416.79
2024-08-26,MSFT,413.49
2024-08-27,MSFT,413.84
2024-08-28,MSFT,410.60
2024-08-29,MSFT,413.12
2024-08-30,MSFT,417.14
2024-09-03,MSFT,409.44
2024-09-04,MSFT,408.90
2024-09-05,MSFT,408.39
2024-09-06,MSFT,401.70
2024-09-09,MSFT,405.72
2024-09-10,MSFT,414.20
2024-09-11,MSFT,423.04
2024-09-12,MSFT,427.00
2024-09-13,MSFT,430.59
2024-09-16,MSFT,431.34
2024-09-17,MSFT,435.15
2024-09-18,MSFT,430.81
2024-09-19,MSFT,438.69
2024-09-20,MSFT,435.27
2024-09-23,MSFT,433.51
2024-09-24,MSFT,429.17
2024-09-25,MSFT,432.11
2024-09-26,MSFT,431.31
2024-09-27,MSFT,428.02
2024-09-30,MSFT,430.30
2024-10-01,MSFT,420.69
2024-10-02,MSFT,417.13
2024-10-03,MSFT,416.54
2024-10-04,MSFT,416.06
2024-10-07,MSFT,409.54
2024-10-08,MSFT,414.71
2024-10-09,MSFT,417.46
2024-10-10,MSFT,415.84
2024-10-11,MSFT,416.32
2024-10-14,MSFT,419.14
2024-10-15,MSFT,418.74
2024-10-16,MSFT,416.12
2024-10-17,MSFT,416.72
2024-10-18,MSFT,418.16
2024-10-21,MSFT,418.78
2024-10-22,MSFT,427.51
2024-10-23,MSFT,424.60
2024-10-24,MSFT,424.73
2024-10-25,MSFT,428.15
2024-10-28,MSFT,426.59
2024-10-29,MSFT,431.95
2024-10-30,MSFT,432.53
2024-10-31,MSFT,406.35
2024-11-01,MSFT,410.37
2024-11-04,MSFT,408.46
2024-11-05,MSFT,411.46
2024-11-06,MSFT,420.18
2024-11-07,MSFT,425.43
2024-11-08,MSFT,422.54
2024-11-11,MSFT,418.01
2024-11-12,MSFT,423.03
2024-11-13,MSFT,425.20
2024-11-14,MSFT,426.89
2024-11-15,MSFT,415.00
2024-11-18,MSFT,415.76
2024-11-19,MSFT,417.79
2024-11-20,MSFT,415.49
2024-11-21,MSFT,412.87
2024-11-22,MSFT,417.00
2024-11-25,MSFT,418.79
2024-11-26,MSFT,427.99
2024-11-27,MSFT,422.99
2024-11-29,MSFT,423.46
2024-12-02,MSFT,430.98
2024-12-03,MSFT,431.20
2024-12-04,MSFT,437.42
2024-12-05,MSFT,442.62
2024-12-06,MSFT,443.57
2024-12-09,MSFT,446.02
2024-12-10,MSFT,443.33
2024-12-11,MSFT,448.99
2024-12-12,MSFT,449.56
2024-12-13,MSFT,447.27
2024-12-16,MSFT,451.59
2024-12-17,MSFT,454.46
2024-12-18,MSFT,437.39
2024-12-19,MSFT,437.03
2024-12-20,MSFT,436.60
2024-12-23,MSFT,435.25
2024-12-24,MSFT,439.33
2024-12-26,MSFT,438.11
2024-12-27,MSFT,430.53
2024-12-30,MSFT,424.83
2024-12-31,MSFT,421.50
2025-01-02,MSFT,418.58
2025-01-03,MSFT,423.35
2025-01-06,MSFT,427.85
2025-01-07,MSFT,422.37
2025-01-08,MSFT,424.56
2025-01-10,MSFT,418.95
2025-01-13,MSFT,417.19
2025-01-14,MSFT,415.67
2025-01-15,MSFT,426.31
2025-01-16,MSFT,424.58
2025-01-17,MSFT,429.03
2025-01-21,MSFT,428.50
2025-01-22,MSFT,446.20
2025-01-23,MSFT,446.71
2025-01-24,MSFT,444.06
2025-01-27,MSFT,434.56
2025-01-28,MSFT,447.20
2025-01-29,MSFT,442.33
2025-01-30,MSFT,414.99
2025-01-31,MSFT,415.06
2025-02-03,MSFT,410.92
2025-02-04,MSFT,412.37
2025-02-05,MSFT,413.29
2025-02-06,MSFT,415.82
2025-02-07,MSFT,409.75
2025-02-10,MSFT,412.22
2025-02-11,MSFT,411.44
2025-02-12,MSFT,409.04
2025-02-13,MSFT,410.54
2025-02-14,MSFT,408.43
2025-02-18,MSFT,409.64
2025-02-19,MSFT,414.77
2025-02-20,MSFT,416.13
2025-02-21,MSFT,408.21
2025-02-24,MSFT,404.00
2025-02-25,MSFT,397.90
2025-02-26,MSFT,399.73
2025-02-27,MSFT,392.53
2025-02-28,MSFT,396.99
2025-03-03,MSFT,388.49
2025-03-04,MSFT,388.61
2025-03-05,MSFT,401.02
2025-03-06,MSFT,396.89
2025-03-07,MSFT,393.31
2025-03-10,MSFT,380.16
2025-03-11,MSFT,380.45
2025-03-12,MSFT,383.27
2025-03-13,MSFT,378.77
2025-03-14,MSFT,388.56
2025-03-17,MSFT,388.70
2025-03-18,MSFT,383.52
2025-03-19,MSFT,387.82
2025-03-20,MSFT,386.84
2025-03-21,MSFT,391.26
2025-03-24,MSFT,393.08
2025-03-25,MSFT,395.16
2025-03-26,MSFT,389.97
2025-03-27,MSFT,390.58
2025-03-28,MSFT,378.80
2025-03-31,MSFT,375.39
2025-04-01,MSFT,382.19
2025-04-02,MSFT,382.14
2025-04-03,MSFT,373.11
2025-04-04,MSFT,359.84
2025-04-07,MSFT,357.86
2025-04-08,MSFT,354.56
2025-04-09,MSFT,390.49
2025-04-10,MSFT,381.35
2025-04-11,MSFT,388.45
2025-04-14,MSFT,387.81
2025-04-15,MSFT,385.73
2025-04-16,MSFT,371.61
2025-04-17,MSFT,367.78
2025-04-21,MSFT,359.12
2025-04-22,MSFT,366.82
2025-04-23,MSFT,374.39
2025-04-24,MSFT,387.30
2025-04-25,MSFT,391.85
2025-04-28,MSFT,391.16
2025-04-29,MSFT,394.04
2025-04-30,MSFT,395.26
2025-05-01,MSFT,425.40
2025-05-02,MSFT,435.28
2025-05-05,MSFT,436.17
2025-05-06,MSFT,433.31
2025-05-07,MSFT,433.35
2025-05-08,MSFT,438.17
2025-05-09,MSFT,438.73
2025-05-12,MSFT,449.26
2025-05-13,MSFT,449.14
2025-05-14,MSFT,452.94
2025-05-15,MSFT,453.13
2025-05-16,MSFT,454.27
2025-05-19,MSFT,458.87
2025-05-20,MSFT,458.17
2025-05-21,MSFT,452.57
2025-05-22,MSFT,454.86
2025-05-23,MSFT,450.18
2025-05-27,MSFT,460.69
2025-05-28,MSFT,457.36
2025-05-29,MSFT,458.68
2025-05-30,MSFT,460.36
2025-06-02,MSFT,461.97
2025-06-03,MSFT,462.97
2025-06-04,MSFT,463.87
2025-06-05,MSFT,467.68
2025-06-06,MSFT,470.38
2025-06-09,MSFT,472.75
2025-06-10,MSFT,470.92
2025-06-11,MSFT,472.62
2025-06-12,MSFT,478.87
2025-06-13,MSFT,474.96
2025-06-16,MSFT,479.14
2025-06-17,MSFT,478.04
2025-06-18,MSFT,480.24
2025-06-20,MSFT,477.40
2025-06-23,MSFT,486.00
2025-06-24,MSFT,490.11
2025-06-25,MSFT,492.27
2025-06-26,MSFT,497.45
2025-06-27,MSFT,495.94
2025-06-30,MSFT,497.41
2025-07-01,MSFT,492.05
2025-07-02,MSFT,491.09
2025-07-03,MSFT,498.84
2025-07-07,MSFT,497.72
2025-07-08,MSFT,496.62
2025-07-09,MSFT,503.51
2025-07-10,MSFT,501.48
2025-07-11,MSFT,503.32
2025-07-14,MSFT,503.02
2025-07-15,MSFT,505.82
2025-07-16,MSFT,505.62
2025-07-17,MSFT,511.70
2025-07-18,MSFT,510.05
2025-07-21,MSFT,510.06
2025-07-22,MSFT,505.27
2025-07-23,MSFT,505.87
2025-07-24,MSFT,510.88
2025-07-25,MSFT,513.71
2025-07-28,MSFT,512.50
2025-07-29,MSFT,512.57
2025-07-30,MSFT,513.24
2025-07-31,MSFT,533.50
2025-08-01,MSFT,524.11
2025-08-04,MSFT,535.64
2025-08-05,MSFT,527.75
2025-08-06,MSFT,524.94
2025-08-07,MSFT,520.84
2025-08-08,MSFT,522.04
2025-08-11,MSFT,521.77
2025-08-12,MSFT,529.24
2025-08-13,MSFT,520.58
2025-08-14,MSFT,522.48
2025-08-15,MSFT,520.17
2025-08-18,MSFT,517.10
2025-08-19,MSFT,509.77
2025-08-20,MSFT,505.72
2025-08-21,MSFT,504.24
2025-08-22,MSFT,507.23
2025-08-25,MSFT,504.26
2025-08-26,MSFT,502.04
2025-08-27,MSFT,506.74
2025-08-28,MSFT,509.64
2025-08-29,MSFT,506.69
2025-09-02,MSFT,505.12
2025-09-03,MSFT,505.35
2025-09-04,MSFT,507.97
2025-09-05,MSFT,495.00
2025-09-08,MSFT,498.20
2025-09-09,MSFT,498.41
2025-09-10,MSFT,500.37
2025-09-11,MSFT,501.01
2025-09-12,MSFT,509.90
2025-09-15,MSFT,515.36
2025-09-16,MSFT,509.04
2025-09-17,MSFT,510.02
2025-09-18,MSFT,508.45
2025-09-19,MSFT,517.93
2025-09-22,MSFT,514.45
2025-09-23,MSFT,509.23
2025-09-24,MSFT,510.15
2025-09-25,MSFT,507.03
2025-09-26,MSFT,511.46
2025-09-29,MSFT,514.60
2025-09-30,MSFT,517.95
2025-10-01,MSFT,519.71
2025-10-02,MSFT,515.74
2025-10-03,MSFT,517.35
2025-10-06,MSFT,528.57
2025-10-07,MSFT,523.98
2025-10-08,MSFT,524.85
2025-10-09,MSFT,522.40
2025-10-10,MSFT,510.96
2025-10-13,MSFT,514.05
2025-10-14,MSFT,513.57
2025-10-15,MSFT,513.43
2025-10-16,MSFT,511.61
2025-10-17,MSFT,513.58
2025-10-20,MSFT,516.79
2025-10-21,MSFT,517.66
2025-10-22,MSFT,520.54
2025-10-23,MSFT,520.56
2025-10-24,MSFT,523.61
2025-10-27,MSFT,531.52
2025-10-28,MSFT,542.07
2025-10-29,MSFT,541.55
2025-10-30,MSFT,525.76
2025-10-31,MSFT,517.81
2025-11-03,MSFT,517.03
2025-11-04,MSFT,514.33
2025-11-05,MSFT,507.16
2025-11-06,MSFT,497.10
2025-11-07,MSFT,496.82
2025-11-10,MSFT,506.00
2025-11-11,MSFT,508.68
2025-11-12,MSFT,511.14
2025-11-13,MSFT,503.29
2025-11-14,MSFT,510.18
2025-11-17,MSFT,507.49
2025-11-18,MSFT,493.79
2025-11-19,MSFT,487.12
2025-11-20,MSFT,478.43
2025-11-21,MSFT,472.12
2025-11-24,MSFT,474.00
2025-11-25,MSFT,476.99
2025-11-26,MSFT,485.50
2025-11-28,MSFT,492.01
2025-12-01,MSFT,486.74
2025-12-02,MSFT,490.00
2025-12-03,MSFT,477.73
2025-12-04,MSFT,480.84
2025-12-05,MSFT,483.16
2025-12-08,MSFT,491.02
2025-12-09,MSFT,492.02
2025-12-10,MSFT,478.56
2025-12-11,MSFT,483.47
2025-12-12,MSFT,478.53
2025-12-15,MSFT,474.82
2025-12-16,MSFT,476.39
2025-12-17,MSFT,476.12
2025-12-18,MSFT,483.98
2025-12-19,MSFT,485.92
2025-12-22,MSFT,484.92
2025-12-23,MSFT,486.85
2025-12-24,MSFT,488.02
2025-12-26,MSFT,487.71
2025-12-29,MSFT,487.10
2025-12-30,MSFT,487.48
2025-12-31,MSFT,483.62
2026-01-02,MSFT,472.94
2026-01-05,MSFT,472.85
2026-01-06,MSFT,478.51
2026-01-07,MSFT,483.47
2026-01-08,MSFT,478.11
2026-01-09,MSFT,479.28
2026-01-12,MSFT,477.18
2026-01-13,MSFT,470.67
2026-01-14,MSFT,459.38
2026-01-15,MSFT,456.66
2026-01-16,MSFT,459.86
2026-01-20,MSFT,454.52
2026-01-21,MSFT,444.11
2026-01-22,MSFT,451.14
2026-01-23,MSFT,465.95
2026-01-26,MSFT,470.28
2026-01-27,MSFT,480.58
2026-01-28,MSFT,481.63
2026-01-29,MSFT,433.50
2026-01-30,MSFT,430.29
2026-02-02,MSFT,423.37
2026-02-03,MSFT,411.21
2026-02-04,MSFT,414.19
2026-02-05,MSFT,393.67
2026-02-06,MSFT,401.14
2026-02-09,MSFT,413.60
2026-02-10,MSFT,413.27
2026-02-11,MSFT,404.37
2026-02-12,MSFT,401.84
2026-02-13,MSFT,401.32
2026-02-17,MSFT,396.86
2026-02-18,MSFT,399.60
2026-02-19,MSFT,398.46
2026-02-20,MSFT,397.23
2026-02-23,MSFT,384.47
2026-02-24,MSFT,389.00
2026-02-25,MSFT,400.60
2026-02-26,MSFT,401.72
2026-02-27,MSFT,392.74
2026-03-02,MSFT,398.55
2026-03-03,MSFT,403.93
2026-03-04,MSFT,405.20
2026-03-05,MSFT,410.68
2026-03-06,MSFT,408.96
2026-03-09,MSFT,409.41
2026-03-10,MSFT,405.76
2026-03-11,MSFT,404.88
2026-03-12,MSFT,401.86
2026-03-13,MSFT,395.55
2026-03-16,MSFT,399.95
2026-03-17,MSFT,399.41
2026-03-18,MSFT,391.79
2026-03-19,MSFT,389.02
2026-03-20,MSFT,381.87
2026-03-23,MSFT,383.00
2026-03-24,MSFT,372.74
2026-03-25,MSFT,371.04
2026-03-26,MSFT,365.97
2026-03-27,MSFT,356.77
2026-03-30,MSFT,358.96
2026-03-31,MSFT,370.17
2026-04-01,MSFT,369.37
2026-04-02,MSFT,373.46
2026-04-06,MSFT,372.88
2026-04-07,MSFT,372.29
2026-04-08,MSFT,374.33
2026-04-09,MSFT,373.07
2026-04-10,MSFT,370.87
2026-04-13,MSFT,384.37
2026-04-14,MSFT,393.11
2026-04-15,MSFT,411.22
2026-04-16,MSFT,420.26
2026-04-17,MSFT,422.79
2026-04-20,MSFT,418.07
2026-04-21,MSFT,424.16
2026-04-22,MSFT,432.92
2026-04-23,MSFT,415.75
2026-04-24,MSFT,424.62
2026-04-27,MSFT,424.82
2026-04-28,MSFT,429.25
2026-04-29,MSFT,424.46
2026-04-30,MSFT,407.78
2026-05-01,MSFT,414.44
2026-05-04,MSFT,413.62
2026-05-05,MSFT,411.38
2026-05-06,MSFT,413.96
2026-05-07,MSFT,420.77
2026-05-08,MSFT,415.12
2026-05-11,MSFT,412.66
2026-05-12,MSFT,407.77
2026-05-13,MSFT,405.21
2026-05-14,MSFT,409.43
2026-05-15,MSFT,421.92
2026-05-18,MSFT,423.54
2026-05-19,MSFT,417.42
2026-05-20,MSFT,421.06
2026-05-21,MSFT,419.09
2026-05-22,MSFT,418.57
2026-05-26,MSFT,416.03
2026-05-27,MSFT,412.67
2026-05-28,MSFT,426.99
2026-05-29,MSFT,450.24
2026-06-01,MSFT,460.52
2026-06-02,MSFT,441.31
2026-06-03,MSFT,427.34
2026-06-04,MSFT,428.05
2026-06-05,MSFT,416.67
2026-06-08,MSFT,411.74
2026-06-09,MSFT,403.41
2026-06-10,MSFT,397.36
2026-06-11,MSFT,390.34
2026-06-12,MSFT,390.74
2026-06-15,MSFT,399.76
2026-06-16,MSFT,393.83
2026-06-17,MSFT,378.91
2026-06-18,MSFT,379.40
2026-06-22,MSFT,367.34
2026-06-23,MSFT,373.94
2026-06-24,MSFT,365.46
2026-06-25,MSFT,352.83
2026-06-26,MSFT,372.97
2026-06-29,MSFT,368.57
2026-06-30,MSFT,373.02
2026-07-01,MSFT,384.28
2026-07-02,MSFT,390.49
2026-07-06,MSFT,386.74
2026-07-07,MSFT,388.84
2026-07-08,MSFT,383.34
2026-07-09,MSFT,384.36
2026-07-10,MSFT,385.10
2026-07-13,MSFT,390.99
2026-07-14,MSFT,384.93
2026-07-15,MSFT,395.63
2026-07-16,MSFT,401.10
2026-07-17,MSFT,393.82
2026-07-20,MSFT,402.29
2026-07-21,MSFT,397.75
2026-07-22,MSFT,390.34
2026-07-23,MSFT,381.58
2026-07-24,MSFT,381.70
2026-07-27,MSFT,389.10
2026-07-28,MSFT,393.35
2026-07-29,MSFT,390.54
2026-07-30,MSFT,451.10
2026-07-31,MSFT,464.72
2026-08-03,MSFT,487.65
2026-08-04,MSFT,492.81
2026-08-05,MSFT,487.46
2026-08-06,MSFT,499.86
2026-08-07,MSFT,499.99
2026-08-10,MSFT,506.06
2026-08-11,MSFT,503.81
2026-08-12,MSFT,492.43
2026-08-13,MSFT,496.88
2026-08-14,MSFT,495.40
2026-08-17,MSFT,480.35
2026-08-18,MSFT,481.63
2026-08-19,MSFT,484.31
2026-08-20,MSFT,481.15
2026-08-21,MSFT,483.24
2026-08-24,MSFT,487.31
2026-08-25,MSFT,491.71
2026-08-26,MSFT,496.37
2026-08-27,MSFT,505.06
2026-08-28,MSFT,513.53
2026-08-31,MSFT,507.29
2026-09-01,MSFT,501.02
2026-09-02,MSFT,496.82
2026-09-03,MSFT,510.12
2026-09-04,MSFT,499.70
2026-09-08,MSFT,493.95
2026-09-09,MSFT,491.65
2026-09-10,MSFT,492.44
2026-09-11,MSFT,495.63
2026-09-14,MSFT,505.41
2026-09-15,MSFT,497.12
2026-09-16,MSFT,490.30
2026-09-17,MSFT,497.75
2026-09-18,MSFT,493.78
2026-09-21,MSFT,501.61
2021-01-04,SPX,3700.65
2021-01-05,SPX,3726.86
2021-01-06,SPX,3748.14
2021-01-07,SPX,3803.79
2021-01-08,SPX,3824.68
2021-01-11,SPX,3799.61
2021-01-12,SPX,3801.19
2021-01-13,SPX,3809.84
2021-01-14,SPX,3795.54
2021-01-15,SPX,3768.25
2021-01-19,SPX,3798.91
2021-01-20,SPX,3851.85
2021-01-21,SPX,3853.07
2021-01-22,SPX,3841.47
2021-01-25,SPX,3855.36
2021-01-26,SPX,3849.62
2021-01-27,SPX,3750.77
2021-01-28,SPX,3787.38
2021-01-29,SPX,3714.24
2021-02-01,SPX,3773.86
2021-02-02,SPX,3826.31
2021-02-03,SPX,3830.17
2021-02-04,SPX,3871.74
2021-02-05,SPX,3886.83
2021-02-08,SPX,3915.59
2021-02-09,SPX,3911.23
2021-02-10,SPX,3909.88
2021-02-11,SPX,3916.38
2021-02-12,SPX,3934.83
2021-02-16,SPX,3932.59
2021-02-17,SPX,3931.33
2021-02-18,SPX,3913.97
2021-02-19,SPX,3906.71
2021-02-22,SPX,3876.50
2021-02-23,SPX,3881.37
2021-02-24,SPX,3925.43
2021-02-25,SPX,3829.34
2021-02-26,SPX,3811.15
2021-03-01,SPX,3901.82
2021-03-02,SPX,3870.29
2021-03-03,SPX,3819.72
2021-03-04,SPX,3768.47
2021-03-05,SPX,3841.94
2021-03-08,SPX,3821.35
2021-03-09,SPX,3875.44
2021-03-10,SPX,3898.81
2021-03-11,SPX,3939.34
2021-03-12,SPX,3943.34
2021-03-15,SPX,3968.94
2021-03-16,SPX,3962.71
2021-03-17,SPX,3974.12
2021-03-18,SPX,3915.46
2021-03-19,SPX,3913.10
2021-03-22,SPX,3940.59
2021-03-23,SPX,3910.52
2021-03-24,SPX,3889.14
2021-03-25,SPX,3909.52
2021-03-26,SPX,3974.54
2021-03-29,SPX,3971.09
2021-03-30,SPX,3958.55
2021-03-31,SPX,3972.89
2021-04-01,SPX,4019.87
2021-04-05,SPX,4077.91
2021-04-06,SPX,4073.94
2021-04-07,SPX,4079.95
2021-04-08,SPX,4097.17
2021-04-09,SPX,4128.80
2021-04-12,SPX,4127.99
2021-04-13,SPX,4141.59
2021-04-14,SPX,4124.66
2021-04-15,SPX,4170.42
2021-04-16,SPX,4185.47
2021-04-19,SPX,4163.26
2021-04-20,SPX,4134.94
2021-04-21,SPX,4173.42
2021-04-22,SPX,4134.98
2021-04-23,SPX,4180.17
2021-04-26,SPX,4187.62
2021-04-27,SPX,4186.72
2021-04-28,SPX,4183.18
2021-04-29,SPX,4211.47
2021-04-30,SPX,4181.17
2021-05-03,SPX,4192.66
2021-05-04,SPX,4164.66
2021-05-05,SPX,4167.59
2021-05-06,SPX,4201.62
2021-05-07,SPX,4232.60
2021-05-10,SPX,4188.43
2021-05-11,SPX,4152.10
2021-05-12,SPX,4063.04
2021-05-13,SPX,4112.50
2021-05-14,SPX,4173.85
2021-05-17,SPX,4163.29
2021-05-18,SPX,4127.83
2021-05-19,SPX,4115.68
2021-05-20,SPX,4159.12
2021-05-21,SPX,4155.86
2021-05-24,SPX,4197.05
2021-05-25,SPX,4188.13
2021-05-26,SPX,4195.99
2021-05-27,SPX,4200.88
2021-05-28,SPX,4204.11
2021-06-01,SPX,4202.04
2021-06-02,SPX,4208.12
2021-06-03,SPX,4192.85
2021-06-04,SPX,4229.89
2021-06-07,SPX,4226.52
2021-06-08,SPX,4227.26
2021-06-09,SPX,4219.55
2021-06-10,SPX,4239.18
2021-06-11,SPX,4247.44
2021-06-14,SPX,4255.15
2021-06-15,SPX,4246.59
2021-06-16,SPX,4223.70
2021-06-17,SPX,4221.86
2021-06-18,SPX,4166.45
2021-06-21,SPX,4224.79
2021-06-22,SPX,4246.44
2021-06-23,SPX,4241.84
2021-06-24,SPX,4266.49
2021-06-25,SPX,4280.70
2021-06-28,SPX,4290.61
2021-06-29,SPX,4291.80
2021-06-30,SPX,4297.50
2021-07-01,SPX,4319.94
2021-07-02,SPX,4352.34
2021-07-06,SPX,4343.54
2021-07-07,SPX,4358.13
2021-07-08,SPX,4320.82
2021-07-09,SPX,4369.55
2021-07-12,SPX,4384.63
2021-07-13,SPX,4369.21
2021-07-14,SPX,4374.30
2021-07-15,SPX,4360.03
2021-07-16,SPX,4327.16
2021-07-19,SPX,4258.49
2021-07-20,SPX,4323.06
2021-07-21,SPX,4358.69
2021-07-22,SPX,4367.48
2021-07-23,SPX,4411.79
2021-07-26,SPX,4422.30
2021-07-27,SPX,4401.46
2021-07-28,SPX,4400.64
2021-07-29,SPX,4419.15
2021-07-30,SPX,4395.26
2021-08-02,SPX,4387.16
2021-08-03,SPX,4423.15
2021-08-04,SPX,4402.66
2021-08-05,SPX,4429.10
2021-08-06,SPX,4436.52
2021-08-09,SPX,4432.35
2021-08-10,SPX,4436.75
2021-08-11,SPX,4447.70
2021-08-12,SPX,4460.83
2021-08-13,SPX,4468.00
2021-08-16,SPX,4479.71
2021-08-17,SPX,4448.08
2021-08-18,SPX,4400.27
2021-08-19,SPX,4405.80
2021-08-20,SPX,4441.67
2021-08-23,SPX,4479.53
2021-08-24,SPX,4486.23
2021-08-25,SPX,4496.19
2021-08-26,SPX,4470.00
2021-08-27,SPX,4509.37
2021-08-30,SPX,4528.79
2021-08-31,SPX,4522.68
2021-09-01,SPX,4524.09
2021-09-02,SPX,4536.95
2021-09-03,SPX,4535.43
2021-09-07,SPX,4520.03
2021-09-08,SPX,4514.07
2021-09-09,SPX,4493.28
2021-09-10,SPX,4458.58
2021-09-13,SPX,4468.73
2021-09-14,SPX,4443.05
2021-09-15,SPX,4480.70
2021-09-16,SPX,4473.75
2021-09-17,SPX,4432.99
2021-09-20,SPX,4357.73
2021-09-21,SPX,4354.19
2021-09-22,SPX,4395.64
2021-09-23,SPX,4448.98
2021-09-24,SPX,4455.48
2021-09-27,SPX,4443.11
2021-09-28,SPX,4352.63
2021-09-29,SPX,4359.46
2021-09-30,SPX,4307.54
2021-10-01,SPX,4357.04
2021-10-04,SPX,4300.46
2021-10-05,SPX,4345.72
2021-10-06,SPX,4363.55
2021-10-07,SPX,4399.76
2021-10-08,SPX,4391.34
2021-10-11,SPX,4361.19
2021-10-12,SPX,4350.65
2021-10-13,SPX,4363.80
2021-10-14,SPX,4438.26
2021-10-15,SPX,4471.37
2021-10-18,SPX,4486.46
2021-10-19,SPX,4519.63
2021-10-20,SPX,4536.19
2021-10-21,SPX,4549.78
2021-10-22,SPX,4544.90
2021-10-25,SPX,4566.48
2021-10-26,SPX,4574.79
2021-10-27,SPX,4551.68
2021-10-28,SPX,4596.42
2021-10-29,SPX,4605.38
2021-11-01,SPX,4613.67
2021-11-02,SPX,4630.65
2021-11-03,SPX,4660.57
2021-11-04,SPX,4680.06
2021-11-05,SPX,4697.53
2021-11-08,SPX,4701.70
2021-11-09,SPX,4685.25
2021-11-10,SPX,4646.71
2021-11-11,SPX,4649.27
2021-11-12,SPX,4682.85
2021-11-15,SPX,4682.80
2021-11-16,SPX,4700.90
2021-11-17,SPX,4688.67
2021-11-18,SPX,4704.54
2021-11-19,SPX,4697.96
2021-11-22,SPX,4682.94
2021-11-23,SPX,4690.70
2021-11-24,SPX,4701.46
2021-11-26,SPX,4594.62
2021-11-29,SPX,4655.27
2021-11-30,SPX,4567.00
2021-12-01,SPX,4513.04
2021-12-02,SPX,4577.10
2021-12-03,SPX,4538.43
2021-12-06,SPX,4591.67
2021-12-07,SPX,4686.75
2021-12-08,SPX,4701.21
2021-12-09,SPX,4667.45
2021-12-10,SPX,4712.02
2021-12-13,SPX,4668.97
2021-12-14,SPX,4634.09
2021-12-15,SPX,4709.85
2021-12-16,SPX,4668.67
2021-12-17,SPX,4620.64
2021-12-20,SPX,4568.02
2021-12-21,SPX,4649.23
2021-12-22,SPX,4696.56
2021-12-23,SPX,4725.79
2021-12-27,SPX,4791.19
2021-12-28,SPX,4786.35
2021-12-29,SPX,4793.06
2021-12-30,SPX,4778.73
2021-12-31,SPX,4766.18
2022-01-03,SPX,4796.56
2022-01-04,SPX,4793.54
2022-01-05,SPX,4700.58
2022-01-06,SPX,4696.05
2022-01-07,SPX,4677.03
2022-01-10,SPX,4670.29
2022-01-11,SPX,4713.07
2022-01-12,SPX,4726.35
2022-01-13,SPX,4659.03
2022-01-14,SPX,4662.85
2022-01-18,SPX,4577.11
2022-01-19,SPX,4532.76
2022-01-20,SPX,4482.73
2022-01-21,SPX,4397.94
2022-01-24,SPX,4410.13
2022-01-25,SPX,4356.45
2022-01-26,SPX,4349.93
2022-01-27,SPX,4326.51
2022-01-28,SPX,4431.85
2022-01-31,SPX,4515.55
2022-02-01,SPX,4546.54
2022-02-02,SPX,4589.38
2022-02-03,SPX,4477.44
2022-02-04,SPX,4500.53
2022-02-07,SPX,4483.87
2022-02-08,SPX,4521.54
2022-02-09,SPX,4587.18
2022-02-10,SPX,4504.08
2022-02-11,SPX,4418.64
2022-02-14,SPX,4401.67
2022-02-15,SPX,4471.07
2022-02-16,SPX,4475.01
2022-02-17,SPX,4380.26
2022-02-18,SPX,4348.87
2022-02-22,SPX,4304.76
2022-02-23,SPX,4225.50
2022-02-24,SPX,4288.70
2022-02-25,SPX,4384.65
2022-02-28,SPX,4373.94
2022-03-01,SPX,4306.26
2022-03-02,SPX,4386.54
2022-03-03,SPX,4363.49
2022-03-04,SPX,4328.87
2022-03-07,SPX,4201.09
2022-03-08,SPX,4170.70
2022-03-09,SPX,4277.88
2022-03-10,SPX,4259.52
2022-03-11,SPX,4204.31
2022-03-14,SPX,4173.11
2022-03-15,SPX,4262.45
2022-03-16,SPX,4357.86
2022-03-17,SPX,4411.67
2022-03-18,SPX,4463.12
2022-03-21,SPX,4461.18
2022-03-22,SPX,4511.61
2022-03-23,SPX,4456.24
2022-03-24,SPX,4520.16
2022-03-25,SPX,4543.06
2022-03-28,SPX,4575.52
2022-03-29,SPX,4631.60
2022-03-30,SPX,4602.45
2022-03-31,SPX,4530.41
2022-04-01,SPX,4545.86
2022-04-04,SPX,4582.64
2022-04-05,SPX,4525.12
2022-04-06,SPX,4481.15
2022-04-07,SPX,4500.21
2022-04-08,SPX,4488.28
2022-04-11,SPX,4412.53
2022-04-12,SPX,4397.45
2022-04-13,SPX,4446.59
2022-04-14,SPX,4392.59
2022-04-18,SPX,4391.69
2022-04-19,SPX,4462.21
2022-04-20,SPX,4459.45
2022-04-21,SPX,4393.66
2022-04-22,SPX,4271.78
2022-04-25,SPX,4296.12
2022-04-26,SPX,4175.20
2022-04-27,SPX,4183.96
2022-04-28,SPX,4287.50
2022-04-29,SPX,4131.93
2022-05-02,SPX,4155.38
2022-05-03,SPX,4175.48
2022-05-04,SPX,4300.17
2022-05-05,SPX,4146.87
2022-05-06,SPX,4123.34
2022-05-09,SPX,3991.24
2022-05-10,SPX,4001.05
2022-05-11,SPX,3935.18
2022-05-12,SPX,3930.08
2022-05-13,SPX,4023.89
2022-05-16,SPX,4008.01
2022-05-17,SPX,4088.85
2022-05-18,SPX,3923.68
2022-05-19,SPX,3900.79
2022-05-20,SPX,3901.36
2022-05-23,SPX,3973.75
2022-05-24,SPX,3941.48
2022-05-25,SPX,3978.73
2022-05-26,SPX,4057.84
2022-05-27,SPX,4158.24
2022-05-31,SPX,4132.15
2022-06-01,SPX,4101.23
2022-06-02,SPX,4176.82
2022-06-03,SPX,4108.54
2022-06-06,SPX,4121.43
2022-06-07,SPX,4160.68
2022-06-08,SPX,4115.77
2022-06-09,SPX,4017.82
2022-06-10,SPX,3900.86
2022-06-13,SPX,3749.63
2022-06-14,SPX,3735.48
2022-06-15,SPX,3789.99
2022-06-16,SPX,3666.77
2022-06-17,SPX,3674.84
2022-06-21,SPX,3764.79
2022-06-22,SPX,3759.89
2022-06-23,SPX,3795.73
2022-06-24,SPX,3911.74
2022-06-27,SPX,3900.11
2022-06-28,SPX,3821.55
2022-06-29,SPX,3818.83
2022-06-30,SPX,3785.38
2022-07-01,SPX,3825.33
2022-07-05,SPX,3831.39
2022-07-06,SPX,3845.08
2022-07-07,SPX,3902.62
2022-07-08,SPX,3899.38
2022-07-11,SPX,3854.43
2022-07-12,SPX,3818.80
2022-07-13,SPX,3801.78
2022-07-14,SPX,3790.38
2022-07-15,SPX,3863.16
2022-07-18,SPX,3830.85
2022-07-19,SPX,3936.69
2022-07-20,SPX,3959.90
2022-07-21,SPX,3998.95
2022-07-22,SPX,3961.63
2022-07-25,SPX,3966.84
2022-07-26,SPX,3921.05
2022-07-27,SPX,4023.61
2022-07-28,SPX,4072.43
2022-07-29,SPX,4130.29
2022-08-01,SPX,4118.63
2022-08-02,SPX,4091.19
2022-08-03,SPX,4155.17
2022-08-04,SPX,4151.94
2022-08-05,SPX,4145.19
2022-08-08,SPX,4140.06
2022-08-09,SPX,4122.47
2022-08-10,SPX,4210.24
2022-08-11,SPX,4207.27
2022-08-12,SPX,4280.15
2022-08-15,SPX,4297.14
2022-08-16,SPX,4305.20
2022-08-17,SPX,4274.04
2022-08-18,SPX,4283.74
2022-08-19,SPX,4228.48
2022-08-22,SPX,4137.99
2022-08-23,SPX,4128.73
2022-08-24,SPX,4140.77
2022-08-25,SPX,4199.12
2022-08-26,SPX,4057.66
2022-08-29,SPX,4030.61
2022-08-30,SPX,3986.16
2022-08-31,SPX,3955.00
2022-09-01,SPX,3966.85
2022-09-02,SPX,3924.26
2022-09-06,SPX,3908.19
2022-09-07,SPX,3979.87
2022-09-08,SPX,4006.18
2022-09-09,SPX,4067.36
2022-09-12,SPX,4110.41
2022-09-13,SPX,3932.69
2022-09-14,SPX,3946.01
2022-09-15,SPX,3901.35
2022-09-16,SPX,3873.33
2022-09-19,SPX,3899.89
2022-09-20,SPX,3855.93
2022-09-21,SPX,3789.93
2022-09-22,SPX,3757.99
2022-09-23,SPX,3693.23
2022-09-26,SPX,3655.04
2022-09-27,SPX,3647.29
2022-09-28,SPX,3719.04
2022-09-29,SPX,3640.47
2022-09-30,SPX,3585.62
2022-10-03,SPX,3678.43
2022-10-04,SPX,3790.93
2022-10-05,SPX,3783.28
2022-10-06,SPX,3744.52
2022-10-07,SPX,3639.66
2022-10-10,SPX,3612.39
2022-10-11,SPX,3588.84
2022-10-12,SPX,3577.03
2022-10-13,SPX,3669.91
2022-10-14,SPX,3583.07
2022-10-17,SPX,3677.95
2022-10-18,SPX,3719.98
2022-10-19,SPX,3695.16
2022-10-20,SPX,3665.78
2022-10-21,SPX,3752.75
2022-10-24,SPX,3797.34
2022-10-25,SPX,3859.11
2022-10-26,SPX,3830.60
2022-10-27,SPX,3807.30
2022-10-28,SPX,3901.06
2022-10-31,SPX,3871.98
2022-11-01,SPX,3856.10
2022-11-02,SPX,3759.69
2022-11-03,SPX,3719.89
2022-11-04,SPX,3770.55
2022-11-07,SPX,3806.80
2022-11-08,SPX,3828.11
2022-11-09,SPX,3748.57
2022-11-10,SPX,3956.37
2022-11-11,SPX,3992.93
2022-11-14,SPX,3957.25
2022-11-15,SPX,3991.73
2022-11-16,SPX,3958.79
2022-11-17,SPX,3946.56
2022-11-18,SPX,3965.34
2022-11-21,SPX,3949.94
2022-11-22,SPX,4003.58
2022-11-23,SPX,4027.26
2022-11-25,SPX,4026.12
2022-11-28,SPX,3963.94
2022-11-29,SPX,3957.63
2022-11-30,SPX,4080.11
2022-12-01,SPX,4076.57
2022-12-02,SPX,4071.70
2022-12-05,SPX,3998.84
2022-12-06,SPX,3941.26
2022-12-07,SPX,3933.92
2022-12-08,SPX,3963.51
2022-12-09,SPX,3934.38
2022-12-12,SPX,3990.56
2022-12-13,SPX,4019.65
2022-12-14,SPX,3995.32
2022-12-15,SPX,3895.75
2022-12-16,SPX,3852.36
2022-12-19,SPX,3817.66
2022-12-20,SPX,3821.62
2022-12-21,SPX,3878.44
2022-12-22,SPX,3822.39
2022-12-23,SPX,3844.82
2022-12-27,SPX,3829.25
2022-12-28,SPX,3783.22
2022-12-29,SPX,3849.28
2022-12-30,SPX,3839.50
2023-01-03,SPX,3824.14
2023-01-04,SPX,3852.97
2023-01-05,SPX,3808.10
2023-01-06,SPX,3895.08
2023-01-09,SPX,3892.09
2023-01-10,SPX,3919.25
2023-01-11,SPX,3969.61
2023-01-12,SPX,3983.17
2023-01-13,SPX,3999.09
2023-01-17,SPX,3990.97
2023-01-18,SPX,3928.86
2023-01-19,SPX,3898.85
2023-01-20,SPX,3972.61
2023-01-23,SPX,4019.81
2023-01-24,SPX,4016.95
2023-01-25,SPX,4016.22
2023-01-26,SPX,4060.43
2023-01-27,SPX,4070.56
2023-01-30,SPX,4017.77
2023-01-31,SPX,4076.60
2023-02-01,SPX,4119.21
2023-02-02,SPX,4179.76
2023-02-03,SPX,4136.48
2023-02-06,SPX,4111.08
2023-02-07,SPX,4164.00
2023-02-08,SPX,4117.86
2023-02-09,SPX,4081.50
2023-02-10,SPX,4090.46
2023-02-13,SPX,4137.29
2023-02-14,SPX,4136.13
2023-02-15,SPX,4147.60
2023-02-16,SPX,4090.41
2023-02-17,SPX,4079.09
2023-02-21,SPX,3997.34
2023-02-22,SPX,3991.05
2023-02-23,SPX,4012.32
2023-02-24,SPX,3970.04
2023-02-27,SPX,3982.24
2023-02-28,SPX,3970.15
2023-03-01,SPX,3951.39
2023-03-02,SPX,3981.35
2023-03-03,SPX,4045.64
2023-03-06,SPX,4048.42
2023-03-07,SPX,3986.37
2023-03-08,SPX,3992.01
2023-03-09,SPX,3918.32
2023-03-10,SPX,3861.59
2023-03-13,SPX,3855.76
2023-03-14,SPX,3919.29
2023-03-15,SPX,3891.93
2023-03-16,SPX,3960.28
2023-03-17,SPX,3916.64
2023-03-20,SPX,3951.57
2023-03-21,SPX,4002.87
2023-03-22,SPX,3936.97
2023-03-23,SPX,3948.72
2023-03-24,SPX,3970.99
2023-03-27,SPX,3977.53
2023-03-28,SPX,3971.27
2023-03-29,SPX,4027.81
2023-03-30,SPX,4050.83
2023-03-31,SPX,4109.31
2023-04-03,SPX,4124.51
2023-04-04,SPX,4100.60
2023-04-05,SPX,4090.38
2023-04-06,SPX,4105.02
2023-04-10,SPX,4109.11
2023-04-11,SPX,4108.94
2023-04-12,SPX,4091.95
2023-04-13,SPX,4146.22
2023-04-14,SPX,4137.64
2023-04-17,SPX,4151.32
2023-04-18,SPX,4154.87
2023-04-19,SPX,4154.52
2023-04-20,SPX,4129.79
2023-04-21,SPX,4133.52
2023-04-24,SPX,4137.04
2023-04-25,SPX,4071.63
2023-04-26,SPX,4055.99
2023-04-27,SPX,4135.35
2023-04-28,SPX,4169.48
2023-05-01,SPX,4167.87
2023-05-02,SPX,4119.58
2023-05-03,SPX,4090.75
2023-05-04,SPX,4061.22
2023-05-05,SPX,4136.25
2023-05-08,SPX,4138.12
2023-05-09,SPX,4119.17
2023-05-10,SPX,4137.64
2023-05-11,SPX,4130.62
2023-05-12,SPX,4124.08
2023-05-15,SPX,4136.28
2023-05-16,SPX,4109.90
2023-05-17,SPX,4158.77
2023-05-18,SPX,4198.05
2023-05-19,SPX,4191.98
2023-05-22,SPX,4192.63
2023-05-23,SPX,4145.58
2023-05-24,SPX,4115.24
2023-05-25,SPX,4151.28
2023-05-26,SPX,4205.45
2023-05-30,SPX,4205.52
2023-05-31,SPX,4179.83
2023-06-01,SPX,4221.02
2023-06-02,SPX,4282.37
2023-06-05,SPX,4273.79
2023-06-06,SPX,4283.85
2023-06-07,SPX,4267.52
2023-06-08,SPX,4293.93
2023-06-09,SPX,4298.86
2023-06-12,SPX,4338.93
2023-06-13,SPX,4369.01
2023-06-14,SPX,4372.59
2023-06-15,SPX,4425.84
2023-06-16,SPX,4409.59
2023-06-20,SPX,4388.71
2023-06-21,SPX,4365.69
2023-06-22,SPX,4381.89
2023-06-23,SPX,4348.33
2023-06-26,SPX,4328.82
2023-06-27,SPX,4378.41
2023-06-28,SPX,4376.86
2023-06-29,SPX,4396.44
2023-06-30,SPX,4450.38
2023-07-03,SPX,4455.59
2023-07-05,SPX,4446.82
2023-07-06,SPX,4411.59
2023-07-07,SPX,4398.95
2023-07-10,SPX,4409.53
2023-07-11,SPX,4439.26
2023-07-12,SPX,4472.16
2023-07-13,SPX,4510.04
2023-07-14,SPX,4505.42
2023-07-17,SPX,4522.79
2023-07-18,SPX,4554.98
2023-07-19,SPX,4565.72
2023-07-20,SPX,4534.87
2023-07-21,SPX,4536.34
2023-07-24,SPX,4554.64
2023-07-25,SPX,4567.46
2023-07-26,SPX,4566.75
2023-07-27,SPX,4537.41
2023-07-28,SPX,4582.23
2023-07-31,SPX,4588.96
2023-08-01,SPX,4576.73
2023-08-02,SPX,4513.39
2023-08-03,SPX,4501.89
2023-08-04,SPX,4478.03
2023-08-07,SPX,4518.44
2023-08-08,SPX,4499.38
2023-08-09,SPX,4467.71
2023-08-10,SPX,4468.83
2023-08-11,SPX,4464.05
2023-08-14,SPX,4489.72
2023-08-15,SPX,4437.86
2023-08-16,SPX,4404.33
2023-08-17,SPX,4370.36
2023-08-18,SPX,4369.71
2023-08-21,SPX,4399.77
2023-08-22,SPX,4387.55
2023-08-23,SPX,4436.01
2023-08-24,SPX,4376.31
2023-08-25,SPX,4405.71
2023-08-28,SPX,4433.31
2023-08-29,SPX,4497.63
2023-08-30,SPX,4514.87
2023-08-31,SPX,4507.66
2023-09-01,SPX,4515.77
2023-09-05,SPX,4496.83
2023-09-06,SPX,4465.48
2023-09-07,SPX,4451.14
2023-09-08,SPX,4457.49
2023-09-11,SPX,4487.46
2023-09-12,SPX,4461.90
2023-09-13,SPX,4467.44
2023-09-14,SPX,4505.10
2023-09-15,SPX,4450.32
2023-09-18,SPX,4453.53
2023-09-19,SPX,4443.95
2023-09-20,SPX,4402.20
2023-09-21,SPX,4330.00
2023-09-22,SPX,4320.06
2023-09-25,SPX,4337.44
2023-09-26,SPX,4273.53
2023-09-27,SPX,4274.51
2023-09-28,SPX,4299.70
2023-09-29,SPX,4288.05
2023-10-02,SPX,4288.39
2023-10-03,SPX,4229.45
2023-10-04,SPX,4263.75
2023-10-05,SPX,4258.19
2023-10-06,SPX,4308.50
2023-10-09,SPX,4335.66
2023-10-10,SPX,4358.24
2023-10-11,SPX,4376.95
2023-10-12,SPX,4349.61
2023-10-13,SPX,4327.78
2023-10-16,SPX,4373.63
2023-10-17,SPX,4373.20
2023-10-18,SPX,4314.60
2023-10-19,SPX,4278.00
2023-10-20,SPX,4224.16
2023-10-23,SPX,4217.04
2023-10-24,SPX,4247.68
2023-10-25,SPX,4186.77
2023-10-26,SPX,4137.23
2023-10-27,SPX,4117.37
2023-10-30,SPX,4166.82
2023-10-31,SPX,4193.80
2023-11-01,SPX,4237.86
2023-11-02,SPX,4317.78
2023-11-03,SPX,4358.34
2023-11-06,SPX,4365.98
2023-11-07,SPX,4378.38
2023-11-08,SPX,4382.78
2023-11-09,SPX,4347.35
2023-11-10,SPX,4415.24
2023-11-13,SPX,4411.55
2023-11-14,SPX,4495.70
2023-11-15,SPX,4502.88
2023-11-16,SPX,4508.24
2023-11-17,SPX,4514.02
2023-11-20,SPX,4547.38
2023-11-21,SPX,4538.19
2023-11-22,SPX,4556.62
2023-11-24,SPX,4559.34
2023-11-27,SPX,4550.43
2023-11-28,SPX,4554.89
2023-11-29,SPX,4550.58
2023-11-30,SPX,4567.80
2023-12-01,SPX,4594.63
2023-12-04,SPX,4569.78
2023-12-05,SPX,4567.18
2023-12-06,SPX,4549.34
2023-12-07,SPX,4585.59
2023-12-08,SPX,4604.37
2023-12-11,SPX,4622.44
2023-12-12,SPX,4643.70
2023-12-13,SPX,4707.09
2023-12-14,SPX,4719.55
2023-12-15,SPX,4719.19
2023-12-18,SPX,4740.56
2023-12-19,SPX,4768.37
2023-12-20,SPX,4698.35
2023-12-21,SPX,4746.75
2023-12-22,SPX,4754.63
2023-12-26,SPX,4774.75
2023-12-27,SPX,4781.58
2023-12-28,SPX,4783.35
2023-12-29,SPX,4769.83
2024-01-02,SPX,4742.83
2024-01-03,SPX,4704.81
2024-01-04,SPX,4688.68
2024-01-05,SPX,4697.24
2024-01-08,SPX,4763.54
2024-01-09,SPX,4756.50
2024-01-10,SPX,4783.45
2024-01-11,SPX,4780.24
2024-01-12,SPX,4783.83
2024-01-16,SPX,4765.98
2024-01-17,SPX,4739.21
2024-01-18,SPX,4780.94
2024-01-19,SPX,4839.81
2024-01-22,SPX,4850.43
2024-01-23,SPX,4864.60
2024-01-24,SPX,4868.55
2024-01-25,SPX,4894.16
2024-01-26,SPX,4890.97
2024-01-29,SPX,4927.93
2024-01-30,SPX,4924.97
2024-01-31,SPX,4845.65
2024-02-01,SPX,4906.19
2024-02-02,SPX,4958.61
2024-02-05,SPX,4942.81
2024-02-06,SPX,4954.23
2024-02-07,SPX,4995.06
2024-02-08,SPX,4997.91
2024-02-09,SPX,5026.61
2024-02-12,SPX,5021.84
2024-02-13,SPX,4953.17
2024-02-14,SPX,5000.62
2024-02-15,SPX,5029.73
2024-02-16,SPX,5005.57
2024-02-20,SPX,4975.51
2024-02-21,SPX,4981.80
2024-02-22,SPX,5087.03
2024-02-23,SPX,5088.80
2024-02-26,SPX,5069.53
2024-02-27,SPX,5078.18
2024-02-28,SPX,5069.76
2024-02-29,SPX,5096.27
2024-03-01,SPX,5137.08
2024-03-04,SPX,5130.95
2024-03-05,SPX,5078.65
2024-03-06,SPX,5104.76
2024-03-07,SPX,5157.36
2024-03-08,SPX,5123.69
2024-03-11,SPX,5117.94
2024-03-12,SPX,5175.27
2024-03-13,SPX,5165.31
2024-03-14,SPX,5150.48
2024-03-15,SPX,5117.09
2024-03-18,SPX,5149.42
2024-03-19,SPX,5178.51
2024-03-20,SPX,5224.62
2024-03-21,SPX,5241.53
2024-03-22,SPX,5234.18
2024-03-25,SPX,5218.19
2024-03-26,SPX,5203.58
2024-03-27,SPX,5248.49
2024-03-28,SPX,5254.35
2024-04-01,SPX,5243.77
2024-04-02,SPX,5205.81
2024-04-03,SPX,5211.49
2024-04-04,SPX,5147.21
2024-04-05,SPX,5204.34
2024-04-08,SPX,5202.39
2024-04-09,SPX,5209.91
2024-04-10,SPX,5160.64
2024-04-11,SPX,5199.06
2024-04-12,SPX,5123.41
2024-04-15,SPX,5061.82
2024-04-16,SPX,5051.41
2024-04-17,SPX,5022.21
2024-04-18,SPX,5011.12
2024-04-19,SPX,4967.23
2024-04-22,SPX,5010.60
2024-04-23,SPX,5070.55
2024-04-24,SPX,5071.63
2024-04-25,SPX,5048.42
2024-04-26,SPX,5099.96
2024-04-29,SPX,5116.17
2024-04-30,SPX,5035.69
2024-05-01,SPX,5018.39
2024-05-02,SPX,5064.20
2024-05-03,SPX,5127.79
2024-05-06,SPX,5180.74
2024-05-07,SPX,5187.70
2024-05-08,SPX,5187.67
2024-05-09,SPX,5214.08
2024-05-10,SPX,5222.68
2024-05-13,SPX,5221.42
2024-05-14,SPX,5246.68
2024-05-15,SPX,5308.15
2024-05-16,SPX,5297.10
2024-05-17,SPX,5303.27
2024-05-20,SPX,5308.13
2024-05-21,SPX,5321.41
2024-05-22,SPX,5307.01
2024-05-23,SPX,5267.84
2024-05-24,SPX,5304.72
2024-05-28,SPX,5306.04
2024-05-29,SPX,5266.95
2024-05-30,SPX,5235.48
2024-05-31,SPX,5277.51
2024-06-03,SPX,5283.40
2024-06-04,SPX,5291.34
2024-06-05,SPX,5354.03
2024-06-06,SPX,5352.96
2024-06-07,SPX,5346.99
2024-06-10,SPX,5360.79
2024-06-11,SPX,5375.32
2024-06-12,SPX,5421.03
2024-06-13,SPX,5433.74
2024-06-14,SPX,5431.60
2024-06-17,SPX,5473.23
2024-06-18,SPX,5487.03
2024-06-20,SPX,5473.17
2024-06-21,SPX,5464.62
2024-06-24,SPX,5447.87
2024-06-25,SPX,5469.30
2024-06-26,SPX,5477.90
2024-06-27,SPX,5482.87
2024-06-28,SPX,5460.48
2024-07-01,SPX,5475.09
2024-07-02,SPX,5509.01
2024-07-03,SPX,5537.02
2024-07-05,SPX,5567.19
2024-07-08,SPX,5572.85
2024-07-09,SPX,5576.98
2024-07-10,SPX,5633.91
2024-07-11,SPX,5584.54
2024-07-12,SPX,5615.35
2024-07-15,SPX,5631.22
2024-07-16,SPX,5667.20
2024-07-17,SPX,5588.27
2024-07-18,SPX,5544.59
2024-07-19,SPX,5505.00
2024-07-22,SPX,5564.41
2024-07-23,SPX,5555.74
2024-07-24,SPX,5427.13
2024-07-25,SPX,5399.22
2024-07-26,SPX,5459.10
2024-07-29,SPX,5463.54
2024-07-30,SPX,5436.44
2024-07-31,SPX,5522.30
2024-08-01,SPX,5446.68
2024-08-02,SPX,5346.56
2024-08-05,SPX,5186.33
2024-08-06,SPX,5240.03
2024-08-07,SPX,5199.50
2024-08-08,SPX,5319.31
2024-08-09,SPX,5344.16
2024-08-12,SPX,5344.39
2024-08-13,SPX,5434.43
2024-08-14,SPX,5455.21
2024-08-15,SPX,5543.22
2024-08-16,SPX,5554.25
2024-08-19,SPX,5608.25
2024-08-20,SPX,5597.12
2024-08-21,SPX,5620.85
2024-08-22,SPX,5570.64
2024-08-23,SPX,5634.61
2024-08-26,SPX,5616.84
2024-08-27,SPX,5625.80
2024-08-28,SPX,5592.18
2024-08-29,SPX,5591.96
2024-08-30,SPX,5648.40
2024-09-03,SPX,5528.93
2024-09-04,SPX,5520.07
2024-09-05,SPX,5503.41
2024-09-06,SPX,5408.42
2024-09-09,SPX,5471.05
2024-09-10,SPX,5495.52
2024-09-11,SPX,5554.13
2024-09-12,SPX,5595.76
2024-09-13,SPX,5626.02
2024-09-16,SPX,5633.09
2024-09-17,SPX,5634.58
2024-09-18,SPX,5618.26
2024-09-19,SPX,5713.64
2024-09-20,SPX,5702.55
2024-09-23,SPX,5718.57
2024-09-24,SPX,5732.93
2024-09-25,SPX,5722.26
2024-09-26,SPX,5745.37
2024-09-27,SPX,5738.17
2024-09-30,SPX,5762.48
2024-10-01,SPX,5708.75
2024-10-02,SPX,5709.54
2024-10-03,SPX,5699.94
2024-10-04,SPX,5751.07
2024-10-07,SPX,5695.94
2024-10-08,SPX,5751.13
2024-10-09,SPX,5792.04
2024-10-10,SPX,5780.05
2024-10-11,SPX,5815.03
2024-10-14,SPX,5859.85
2024-10-15,SPX,5815.26
2024-10-16,SPX,5842.47
2024-10-17,SPX,5841.47
2024-10-18,SPX,5864.67
2024-10-21,SPX,5853.98
2024-10-22,SPX,5851.20
2024-10-23,SPX,5797.42
2024-10-24,SPX,5809.86
2024-10-25,SPX,5808.12
2024-10-28,SPX,5823.52
2024-10-29,SPX,5832.92
2024-10-30,SPX,5813.67
2024-10-31,SPX,5705.45
2024-11-01,SPX,5728.80
2024-11-04,SPX,5712.69
2024-11-05,SPX,5782.76
2024-11-06,SPX,5929.04
2024-11-07,SPX,5973.10
2024-11-08,SPX,5995.54
2024-11-11,SPX,6001.35
2024-11-12,SPX,5983.99
2024-11-13,SPX,5985.38
2024-11-14,SPX,5949.17
2024-11-15,SPX,5870.62
2024-11-18,SPX,5893.62
2024-11-19,SPX,5916.98
2024-11-20,SPX,5917.11
2024-11-21,SPX,5948.71
2024-11-22,SPX,5969.34
2024-11-25,SPX,5987.37
2024-11-26,SPX,6021.63
2024-11-27,SPX,5998.74
2024-11-29,SPX,6032.38
2024-12-02,SPX,6047.15
2024-12-03,SPX,6049.88
2024-12-04,SPX,6086.49
2024-12-05,SPX,6075.11
2024-12-06,SPX,6090.27
2024-12-09,SPX,6052.85
2024-12-10,SPX,6034.91
2024-12-11,SPX,6084.19
2024-12-12,SPX,6051.25
2024-12-13,SPX,6051.09
2024-12-16,SPX,6074.08
2024-12-17,SPX,6050.61
2024-12-18,SPX,5872.16
2024-12-19,SPX,5867.08
2024-12-20,SPX,5930.85
2024-12-23,SPX,5974.07
2024-12-24,SPX,6040.04
2024-12-26,SPX,6037.59
2024-12-27,SPX,5970.84
2024-12-30,SPX,5906.94
2024-12-31,SPX,5881.63
2025-01-02,SPX,5868.55
2025-01-03,SPX,5942.47
2025-01-06,SPX,5975.38
2025-01-07,SPX,5909.03
2025-01-08,SPX,5918.25
2025-01-10,SPX,5827.04
2025-01-13,SPX,5836.22
2025-01-14,SPX,5842.91
2025-01-15,SPX,5949.91
2025-01-16,SPX,5937.34
2025-01-17,SPX,5996.66
2025-01-21,SPX,6049.24
2025-01-22,SPX,6086.37
2025-01-23,SPX,6118.71
2025-01-24,SPX,6101.24
2025-01-27,SPX,6012.28
2025-01-28,SPX,6067.70
2025-01-29,SPX,6039.31
2025-01-30,SPX,6071.17
2025-01-31,SPX,6040.53
2025-02-03,SPX,5994.57
2025-02-04,SPX,6037.88
2025-02-05,SPX,6061.48
2025-02-06,SPX,6083.57
2025-02-07,SPX,6025.99
2025-02-10,SPX,6066.44
2025-02-11,SPX,6068.50
2025-02-12,SPX,6051.97
2025-02-13,SPX,6115.07
2025-02-14,SPX,6114.63
2025-02-18,SPX,6129.58
2025-02-19,SPX,6144.15
2025-02-20,SPX,6117.52
2025-02-21,SPX,6013.13
2025-02-24,SPX,5983.25
2025-02-25,SPX,5955.25
2025-02-26,SPX,5956.06
2025-02-27,SPX,5861.57
2025-02-28,SPX,5954.50
2025-03-03,SPX,5849.72
2025-03-04,SPX,5778.15
2025-03-05,SPX,5842.63
2025-03-06,SPX,5738.52
2025-03-07,SPX,5770.20
2025-03-10,SPX,5614.56
2025-03-11,SPX,5572.07
2025-03-12,SPX,5599.30
2025-03-13,SPX,5521.52
2025-03-14,SPX,5638.94
2025-03-17,SPX,5675.12
2025-03-18,SPX,5614.66
2025-03-19,SPX,5675.29
2025-03-20,SPX,5662.89
2025-03-21,SPX,5667.56
2025-03-24,SPX,5767.57
2025-03-25,SPX,5776.65
2025-03-26,SPX,5712.20
2025-03-27,SPX,5693.31
2025-03-28,SPX,5580.94
2025-03-31,SPX,5611.85
2025-04-01,SPX,5633.07
2025-04-02,SPX,5670.97
2025-04-03,SPX,5396.52
2025-04-04,SPX,5074.08
2025-04-07,SPX,5062.25
2025-04-08,SPX,4982.77
2025-04-09,SPX,5456.90
2025-04-10,SPX,5268.05
2025-04-11,SPX,5363.36
2025-04-14,SPX,5405.97
2025-04-15,SPX,5396.63
2025-04-16,SPX,5275.70
2025-04-17,SPX,5282.70
2025-04-21,SPX,5158.20
2025-04-22,SPX,5287.76
2025-04-23,SPX,5375.86
2025-04-24,SPX,5484.77
2025-04-25,SPX,5525.21
2025-04-28,SPX,5528.75
2025-04-29,SPX,5560.83
2025-04-30,SPX,5569.06
2025-05-01,SPX,5604.14
2025-05-02,SPX,5686.67
2025-05-05,SPX,5650.38
2025-05-06,SPX,5606.91
2025-05-07,SPX,5631.28
2025-05-08,SPX,5663.94
2025-05-09,SPX,5659.91
2025-05-12,SPX,5844.19
2025-05-13,SPX,5886.55
2025-05-14,SPX,5892.58
2025-05-15,SPX,5916.93
2025-05-16,SPX,5958.38
2025-05-19,SPX,5963.60
2025-05-20,SPX,5940.46
2025-05-21,SPX,5844.61
2025-05-22,SPX,5842.01
2025-05-23,SPX,5802.82
2025-05-27,SPX,5921.54
2025-05-28,SPX,5888.55
2025-05-29,SPX,5912.17
2025-05-30,SPX,5911.69
2025-06-02,SPX,5935.94
2025-06-03,SPX,5970.37
2025-06-04,SPX,5970.81
2025-06-05,SPX,5939.30
2025-06-06,SPX,6000.36
2025-06-09,SPX,6005.88
2025-06-10,SPX,6038.81
2025-06-11,SPX,6022.24
2025-06-12,SPX,6045.26
2025-06-13,SPX,5976.97
2025-06-16,SPX,6033.11
2025-06-17,SPX,5982.72
2025-06-18,SPX,5980.87
2025-06-20,SPX,5967.84
2025-06-23,SPX,6025.17
2025-06-24,SPX,6092.18
2025-06-25,SPX,6092.16
2025-06-26,SPX,6141.02
2025-06-27,SPX,6173.07
2025-06-30,SPX,6204.95
2025-07-01,SPX,6198.01
2025-07-02,SPX,6227.42
2025-07-03,SPX,6279.35
2025-07-07,SPX,6229.98
2025-07-08,SPX,6225.52
2025-07-09,SPX,6263.26
2025-07-10,SPX,6280.46
2025-07-11,SPX,6259.75
2025-07-14,SPX,6268.56
2025-07-15,SPX,6243.76
2025-07-16,SPX,6263.70
2025-07-17,SPX,6297.36
2025-07-18,SPX,6296.79
2025-07-21,SPX,6305.60
2025-07-22,SPX,6309.62
2025-07-23,SPX,6358.91
2025-07-24,SPX,6363.35
2025-07-25,SPX,6388.64
2025-07-28,SPX,6389.77
2025-07-29,SPX,6370.86
2025-07-30,SPX,6362.90
2025-07-31,SPX,6339.39
2025-08-01,SPX,6238.01
2025-08-04,SPX,6329.94
2025-08-05,SPX,6299.19
2025-08-06,SPX,6345.06
2025-08-07,SPX,6340.00
2025-08-08,SPX,6389.45
2025-08-11,SPX,6373.45
2025-08-12,SPX,6445.76
2025-08-13,SPX,6466.58
2025-08-14,SPX,6468.54
2025-08-15,SPX,6449.80
2025-08-18,SPX,6449.15
2025-08-19,SPX,6411.37
2025-08-20,SPX,6395.78
2025-08-21,SPX,6370.17
2025-08-22,SPX,6466.91
2025-08-25,SPX,6439.32
2025-08-26,SPX,6465.94
2025-08-27,SPX,6481.40
2025-08-28,SPX,6501.86
2025-08-29,SPX,6460.26
2025-09-02,SPX,6415.54
2025-09-03,SPX,6448.26
2025-09-04,SPX,6502.08
2025-09-05,SPX,6481.50
2025-09-08,SPX,6495.15
2025-09-09,SPX,6512.61
2025-09-10,SPX,6532.04
2025-09-11,SPX,6587.47
2025-09-12,SPX,6584.29
2025-09-15,SPX,6615.28
2025-09-16,SPX,6606.76
2025-09-17,SPX,6600.35
2025-09-18,SPX,6631.96
2025-09-19,SPX,6664.36
2025-09-22,SPX,6693.75
2025-09-23,SPX,6656.92
2025-09-24,SPX,6637.97
2025-09-25,SPX,6604.72
2025-09-26,SPX,6643.70
2025-09-29,SPX,6661.21
2025-09-30,SPX,6688.46
2025-10-01,SPX,6711.20
2025-10-02,SPX,6715.35
2025-10-03,SPX,6715.79
2025-10-06,SPX,6740.28
2025-10-07,SPX,6714.59
2025-10-08,SPX,6753.72
2025-10-09,SPX,6735.11
2025-10-10,SPX,6552.51
2025-10-13,SPX,6654.72
2025-10-14,SPX,6644.31
2025-10-15,SPX,6671.06
2025-10-16,SPX,6629.07
2025-10-17,SPX,6664.01
2025-10-20,SPX,6735.13
2025-10-21,SPX,6735.35
2025-10-22,SPX,6699.40
2025-10-23,SPX,6738.44
2025-10-24,SPX,6791.69
2025-10-27,SPX,6875.16
2025-10-28,SPX,6890.89
2025-10-29,SPX,6890.59
2025-10-30,SPX,6822.34
2025-10-31,SPX,6840.20
2025-11-03,SPX,6851.97
2025-11-04,SPX,6771.55
2025-11-05,SPX,6796.29
2025-11-06,SPX,6720.32
2025-11-07,SPX,6728.80
2025-11-10,SPX,6832.43
2025-11-11,SPX,6846.61
2025-11-12,SPX,6850.92
2025-11-13,SPX,6737.49
2025-11-14,SPX,6734.11
2025-11-17,SPX,6672.41
2025-11-18,SPX,6617.32
2025-11-19,SPX,6642.16
2025-11-20,SPX,6538.76
2025-11-21,SPX,6602.99
2025-11-24,SPX,6705.12
2025-11-25,SPX,6765.88
2025-11-26,SPX,6812.61
2025-11-28,SPX,6849.09
2025-12-01,SPX,6812.63
2025-12-02,SPX,6829.37
2025-12-03,SPX,6849.72
2025-12-04,SPX,6857.12
2025-12-05,SPX,6870.40
2025-12-08,SPX,6846.51
2025-12-09,SPX,6840.51
2025-12-10,SPX,6886.68
2025-12-11,SPX,6901.00
2025-12-12,SPX,6827.41
2025-12-15,SPX,6816.51
2025-12-16,SPX,6800.26
2025-12-17,SPX,6721.43
2025-12-18,SPX,6774.76
2025-12-19,SPX,6834.50
2025-12-22,SPX,6878.49
2025-12-23,SPX,6909.79
2025-12-24,SPX,6932.05
2025-12-26,SPX,6929.94
2025-12-29,SPX,6905.74
2025-12-30,SPX,6896.24
2025-12-31,SPX,6845.50
2026-01-02,SPX,6858.47
2026-01-05,SPX,6902.05
2026-01-06,SPX,6944.82
2026-01-07,SPX,6920.93
2026-01-08,SPX,6921.46
2026-01-09,SPX,6966.28
2026-01-12,SPX,6977.27
2026-01-13,SPX,6963.74
2026-01-14,SPX,6926.60
2026-01-15,SPX,6944.47
2026-01-16,SPX,6940.01
2026-01-20,SPX,6796.86
2026-01-21,SPX,6875.62
2026-01-22,SPX,6913.35
2026-01-23,SPX,6915.61
2026-01-26,SPX,6950.23
2026-01-27,SPX,6978.60
2026-01-28,SPX,6978.03
2026-01-29,SPX,6969.01
2026-01-30,SPX,6939.03
2026-02-02,SPX,6976.44
2026-02-03,SPX,6917.81
2026-02-04,SPX,6882.72
2026-02-05,SPX,6798.40
2026-02-06,SPX,6932.30
2026-02-09,SPX,6964.82
2026-02-10,SPX,6941.81
2026-02-11,SPX,6941.47
2026-02-12,SPX,6832.76
2026-02-13,SPX,6836.17
2026-02-17,SPX,6843.22
2026-02-18,SPX,6881.31
2026-02-19,SPX,6861.89
2026-02-20,SPX,6909.51
2026-02-23,SPX,6837.75
2026-02-24,SPX,6890.07
2026-02-25,SPX,6946.13
2026-02-26,SPX,6908.86
2026-02-27,SPX,6878.88
2026-03-02,SPX,6881.62
2026-03-03,SPX,6816.63
2026-03-04,SPX,6869.50
2026-03-05,SPX,6830.71
2026-03-06,SPX,6740.02
2026-03-09,SPX,6795.99
2026-03-10,SPX,6781.48
2026-03-11,SPX,6775.80
2026-03-12,SPX,6672.62
2026-03-13,SPX,6632.19
2026-03-16,SPX,6699.38
2026-03-17,SPX,6716.09
2026-03-18,SPX,6624.70
2026-03-19,SPX,6606.49
2026-03-20,SPX,6506.48
2026-03-23,SPX,6581.00
2026-03-24,SPX,6556.37
2026-03-25,SPX,6591.90
2026-03-26,SPX,6477.16
2026-03-27,SPX,6368.85
2026-03-30,SPX,6343.72
2026-03-31,SPX,6528.52
2026-04-01,SPX,6575.32
2026-04-02,SPX,6582.69
2026-04-06,SPX,6611.83
2026-04-07,SPX,6616.85
2026-04-08,SPX,6782.81
2026-04-09,SPX,6824.66
2026-04-10,SPX,6816.89
2026-04-13,SPX,6886.24
2026-04-14,SPX,6967.38
2026-04-15,SPX,7022.95
2026-04-16,SPX,7041.28
2026-04-17,SPX,7126.06
2026-04-20,SPX,7109.14
2026-04-21,SPX,7064.01
2026-04-22,SPX,7137.90
2026-04-23,SPX,7108.40
2026-04-24,SPX,7165.08
2026-04-27,SPX,7173.91
2026-04-28,SPX,7138.80
2026-04-29,SPX,7135.95
2026-04-30,SPX,7209.01
2026-05-01,SPX,7230.12
2026-05-04,SPX,7200.75
2026-05-05,SPX,7259.22
2026-05-06,SPX,7365.12
2026-05-07,SPX,7337.11
2026-05-08,SPX,7398.93
2026-05-11,SPX,7412.84
2026-05-12,SPX,7400.96
2026-05-13,SPX,7444.25
2026-05-14,SPX,7501.24
2026-05-15,SPX,7408.50
2026-05-18,SPX,7403.05
2026-05-19,SPX,7353.61
2026-05-20,SPX,7432.97
2026-05-21,SPX,7445.72
2026-05-22,SPX,7473.47
2026-05-26,SPX,7519.12
2026-05-27,SPX,7520.36
2026-05-28,SPX,7563.63
2026-05-29,SPX,7580.06
2026-06-01,SPX,7599.96
2026-06-02,SPX,7609.78
2026-06-03,SPX,7553.68
2026-06-04,SPX,7584.31
2026-06-05,SPX,7383.74
2026-06-08,SPX,7405.73
2026-06-09,SPX,7386.65
2026-06-10,SPX,7266.99
2026-06-11,SPX,7394.30
2026-06-12,SPX,7431.46
2026-06-15,SPX,7554.29
2026-06-16,SPX,7511.35
2026-06-17,SPX,7420.10
2026-06-18,SPX,7500.58
2026-06-22,SPX,7472.79
2026-06-23,SPX,7365.46
2026-06-24,SPX,7358.22
2026-06-25,SPX,7357.49
2026-06-26,SPX,7354.02
2026-06-29,SPX,7440.43
2026-06-30,SPX,7499.36
2026-07-01,SPX,7483.23
2026-07-02,SPX,7483.24
2026-07-06,SPX,7537.43
2026-07-07,SPX,7503.85
2026-07-08,SPX,7482.71
2026-07-09,SPX,7543.64
2026-07-10,SPX,7575.39
2026-07-13,SPX,7515.34
2026-07-14,SPX,7543.59
2026-07-15,SPX,7572.40
2026-07-16,SPX,7533.77
2026-07-17,SPX,7457.69
2026-07-20,SPX,7443.28
2026-07-21,SPX,7509.20
2026-07-22,SPX,7498.96
2026-07-23,SPX,7408.30
2026-07-24,SPX,7411.98
2026-07-27,SPX,7413.18
2026-07-28,SPX,7428.78
2026-07-29,SPX,7316.15
2026-07-30,SPX,7437.63
2026-07-31,SPX,7489.72
2026-08-03,SPX,7600.50
2026-08-04,SPX,7736.52
2026-08-05,SPX,7723.55
2026-08-06,SPX,7709.96
2026-08-07,SPX,7757.64
2026-08-10,SPX,7753.11
2026-08-11,SPX,7728.20
2026-08-12,SPX,7748.50
2026-08-13,SPX,7798.99
2026-08-14,SPX,7785.76
2026-08-17,SPX,7745.06
2026-08-18,SPX,7691.76
2026-08-19,SPX,7707.98
2026-08-20,SPX,7641.16
2026-08-21,SPX,7674.37
2026-08-24,SPX,7652.86
2026-08-25,SPX,7677.28
2026-08-26,SPX,7675.70
2026-08-27,SPX,7730.99
2026-08-28,SPX,7711.76
2026-08-31,SPX,7686.14
2026-09-01,SPX,7631.47
2026-09-02,SPX,7666.60
2026-09-03,SPX,7747.71
2026-09-04,SPX,7718.60
2026-09-08,SPX,7673.52
2026-09-09,SPX,7636.36
2026-09-10,SPX,7591.70
2026-09-11,SPX,7656.98
2026-09-14,SPX,7619.98
2026-09-15,SPX,7585.73
2026-09-16,SPX,7551.81
2026-09-17,SPX,7637.76
2026-09-18,SPX,7650.50
2026-09-21,SPX,7764.70
